评论内容,匹配的长文本
软件bug,软件bug，等新固件吧
软件有漏洞正常谈不上漏洞,软件有漏洞正常谈不上漏洞，更何况这是自动识别，不能完全依赖软件
感觉是程序方面的bug,感觉是程序方面的bug，避障功能卡住用不了的那种。这种环境一般来说分辨不出来的概率很小的，基本上是可以识别到并避开的（因为我自己也有稍微涉足过双目视觉避障这个领域），他们宣传的避障系统所能实现的功能是没什么问题的，但是这个避障系统的稳定性可能还不高（时不时会抽风的那种），总之飞无人机还是要在空旷的地方飞，毕竟任何时候都不能保证飞机上系统的稳定性。
这是程序错误了,这是程序错误了，好解决
目前neo可以卡bug不连遥控手机,哥们儿你玩无人机么？北京有什么景点涉及军区了？无人机基本出了5环就可以起了。水库信号稍有干扰但是可以飞，比如怀柔水库密云水库。故宫neo这玩意你飞一个我看看，我估计按你的不是保安，是警察。目前neo可以卡bug不连遥控手机，但就这个受众群体，要么强化禁飞要么修。这东西的动力抗风和镜头，你高空起来能拍啥能用的。你要就图禁飞不如买哈博森，好歹飞高画面能用。
撞机掉下来后就断断续续和遥控器断联,撞机掉下来后就断断续续和遥控器断联，连上又马上掉也是这个问题嘛？
遥控突然断联,我也遇到了，也是更新以后出现的问题，我导航回来6%的电，4g满格，遥控突然断联，大疆免费赔了一台
就是遥控器偶尔断联,不愧是大疆，技术牛，服务赞，三倍长焦出彩！！！！飞行稳定无比，就是遥控器偶尔断联，这个要做好，不然就很多失误失联！
干扰枪打了不是只会遥控失联,干扰枪打了不是只会遥控失联，然后自动返航的吗？还有私人持有干扰枪不是违法的吗
中途突然飞机跟遥控失联,中途突然飞机跟遥控失联，慌的一批
遥控器就失联自动返航,买了全套，包括畅飞套装（2块电池）和穿越摇杆，发货很快，昨天收到后即启用，充电激活花了几个小时，在室内起飞，那声音和气流，只能说强劲。今天出去飞了几次，还是习惯遥控器，感觉图传比遥控信号要好，飞出去不到2km，图像没任何不妥，遥控器就失联自动返航。穿越摇杆还不熟练，虽然买了保险，还是怕炸机，以前玩mini的阴影，任何障碍都不敢靠太近。有个问题，摇杆爬高只能仰面朝天，没仔细看手册，不知能不能锁定镜头角度。感觉设计者意图是摇杆主要用于低空快速穿越，那种指哪打哪的视角不是遥控器能轻易做到的。最后说说电池，昨天更新时一直在吐槽眼镜电池为什么这么小，今天才发现飞行电池才是消耗得快，三块电都只剩2格，遥控和眼镜才用了一格。
否则容易遥控器信号丢失,第一视角飞行体验很爽。运动模式下速度已经够快了。模拟器练好了再飞手动模式。注意一定要远离信号塔，否则容易遥控器信号丢失，幸亏大疆fpv有自动返航功能，吓了一身冷汗。三块电池是必须的，运动模式下大概可以飞6分钟左右，普通模式下可以飞15分钟左右。
距离两公里多就提示遥控信号丢失,物流速度奇快，第一天晚上九点多下单，第二天中午就到了，第二天晚上加班太迟回来，第三天上午才激活首飞。图传距离感觉没比我去年买的mini好多少，距离两公里多就提示遥控信号丢失。眼镜耗电速度好快啊。套装没赠送收纳包也很不方便，尤其是出门去玩。其他再飞几天再做评价
遥控信号丢失保护等,大疆御3C无人机是大疆推出的一款高性能无人机，它具有以下特点：1. 强大的性能：大疆御3C无人机采用了先进的飞行控制系统和导航技术，能够实现高精度的定位和稳定的飞行。它还配备了高性能的摄像头，能够拍摄出高质量的视频和照片。2. 丰富的功能：大疆御3C无人机支持多种飞行模式，包括手动模式、自动模式、兴趣点环绕模式等，能够满足不同用户的需求。此外，它还支持实时图传、自动追踪、一键起飞/降落等功能，操作非常简单。3. 优秀的可靠性：大疆御3C无人机采用了高品质的材料和制造工艺，具有出色的耐用性和抗风能力。它还配备了多重安全保护功能，如低电量自动返航、遥控信号丢失保护等，能够确保无人机在各种环境下的安全飞行。4. 高性价比：相对于同类产品，大疆御3C无人机的价格更加亲民，但它的性能和质量却丝毫不逊色。这使得它成为了许多摄影爱好者和无人机爱好者的首选。总的来说，大疆御3C无人机是一款性能强大、功能丰富、可靠性高、性价比高的无人机，非常适合摄影、航拍、测绘等领域使用。
配合4G模块环境干扰复杂丢遥控信号也不怕4G满满的,心仪已久的御3C终于入手了，没让我失望，跟之前玩的2S根本不是一个级别的，悬停精度非常高，分米级精度和行业的RTK差不多了，飞行稳定度非常好抗风能力很不错毕竟体大稳定，这才能称得上是飞机而不是玩具，配合4G模块环境干扰复杂丢遥控信号也不怕4G满满的。哈苏的色彩非常有特点，底大一级压死人，M4/3应该是目前无人机最大的底了，直接出片就选标准哈苏色彩，后期dlog灰片后期空间非常大，航拍天花板。总之非常满意的一次购物。
丢失原因遥控莫名断开连接（,现在已经消失在人海，为了找他全身刮破，结果还是找不到，丢失原因遥控莫名断开连接（遥控和飞机直线距离约500米），就一直连不上，后面连上了10秒左右给了我一张遗照，就没回来了
我也遇到过丢信号卡图传连不上遥控器,我也遇到过丢信号卡图传连不上遥控器，莫慌，网上飞一飞，或者左右动一动，一会儿就好了，千万不要自动返航！自动返航就是悲剧的开始！
事实明明是遥控器与手机断连导致信号中断坠机丢失,我是新机器mini4Pro总共飞行不到一个小时，出了问题，你们售后就是各种找原因推卸责任，一天换一个说法，到最后刚买的随心换都不让用，事实明明是遥控器与手机断连导致信号中断坠机丢失，最后画面显示的很清楚，还非要扯到电池问题上，真是太不要脸了，店大欺客！
有电堕落一直录像遥控器连不上,质量问题越来越多，除了要求寄回去，啥也不说，飞机基本逻辑都满足不了，有电堕落一直录像遥控器连不上，
遥控器和手机都连不上,我迷你二也和你遇到一样的情况，飞着飞着频不动了。遥控器和手机都连不上，就只能看到他最后拍的画面，但是他并没有灰屏
还连不上手机遥控器,前几天在外边飞渐远模式，直接不下来了，悬停在3米的位置。。还连不上手机遥控器，没电掉下来的
感觉是遥控器发热以后就失效,我的mini2已返厂维修，也是这种问题，飞着飞着突然就短途传还没有显示啊什么的……感觉是遥控器发热以后就失效，遥控器连接迷你三部落也会出现这种情况
买回来飞了不到十次遥控器急停键突然失灵,京东物流没的说，但是大疆的产品有点不尽人意，买回来飞了不到十次遥控器急停键突然失灵，电池换了两次。就是买回来等着换电池就换了一个月。电池换完了遥控器又坏了，走京东售后换了台新的，结果还是台磨损严重的二手货，也不知道是大疆欺骗客户还是京东。写着京东自营结果售后是得找大疆真是无语我奉劝想买的三思后行
但是有时候会莫名出现遥控器连接有遮挡,操作简单，但是有时候会莫名出现遥控器连接有遮挡，其实旁边连个树都没有，然后就是电池太不耐用，充电头也不送，别的没了，眼镜有钱直接上进阶的g2
遥控器与飞机也不能有物体遮挡,信号问题的外界因素有很多，比如有信号干扰，物体遮挡都会造成信号失联，新手适合飞高，反而安全，遥控器与飞机也不能有物体遮挡
断遥控器也试了,关了。断遥控器也试了。档位s档也试过
拆箱遥控器里面就有东西断了一摇就响,16号买的 拆箱遥控器里面就有东西断了一摇就响。客服说线松了 我就呵呵。 17号左摇杆上推卡住伴有异响弹簧被东西卡住了。幸好是手机模拟。要不非炸。这就是京东旗舰店。
刚修了air2就是遥控器C口和手机连接异常了..16块钱部件..给搞了个220的维修板更换,这个价格修划不来吧…刚修了air2就是遥控器C口和手机连接异常了..16块钱部件..给搞了个220的维修板更换
遥控器灵活方便延时极低稳定性,操作难易：之前有玩过一点大疆无人机，所以很容易上手，多玩玩就熟练了灵敏度：反应很快，打杆是指哪打哪，遥控器灵活方便延时极低稳定性：大疆的稳定性不用多说，飞控稳如老gou，不管是室内的视觉定位还是在室外的卫星定位都是稳如泰山做工质量：迷你系列主打轻巧便利，薄一点能省则省的用料可以接受外形外观：外形外观：不能说精致吧，确实小巧，毕竟是大疆，有质感
我遥控器完全无法控制,请教up主，无人机今年3月后过保，今晚起飞后高度五米左右与遥控器失去控制，自己转一圈后主动撞墙炸机，我遥控器完全无法控制，请问我这种情况还要申请数据分析吗？望回复，谢谢
遥控器都搞没电了,很好，玩了一上午，遥控器都搞没电了，赶紧冲，一会还能飞
然后遥控器没电了,有没碰到第一次飞完，加起来半个小时不到，然后遥控器没电了，遥控器怎么都充不上电的情况，新机，投诉无门，只提供维修，会不会是翻新的！？对这个品牌非常失望……
遥控器卡顿,遥控器卡顿，不流畅
我的遥控器晃动虚位比这个大,不错了，我的遥控器晃动虚位比这个大
遥控器过热,遥控器过热，
遥控器关机都能自动安全返回,这还真算推脱，所有无人机广告宣传都是除了极端恶劣天气，无人机即使关闭导航，定位系统，遥控器关机都能自动安全返回，无法返回现象只能算质量问题或虚假宣传
遥控器飞行记录肯定有干扰预警,在这么密集的城市街道飞行，干扰本来就大，而且也不安全，遥控器飞行记录肯定有干扰预警
飞机很好就遥控器的信号不好老被干扰都让人无语买什么遥控也不要小白控还卡图专,飞机很好就遥控器的信号不好老被干扰都让人无语买什么遥控也不要小白控还卡图专
开阔的地方你要看在哪有些地方会有干扰但是基本看好遥控器上信号或者图传程度一般都可以控制,开阔的地方你要看在哪有些地方会有干扰但是基本看好遥控器上信号或者图传程度一般都可以控制
遥控器发烫的厉害,遥控器发烫的厉害！有时出现卡顿
遥控器飞机都发热的厉害,air3好像发热很严重，遥控器飞机都发热的厉害！可以再等等看！
遥控器是高亮屏在阳光下发热严重虽然有散热风扇起不了多大作用,遥控器是高亮屏在阳光下发热严重虽然有散热风扇起不了多大作用
遥控器充电都充不进,什么垃圾等下 遥控器充电都充不进
遥控器充不进电,遥控器充不进电，能修么？
御2带屏遥控器长期不用充不进电能维修吗,御2带屏遥控器长期不用充不进电能维修吗？
我前天还是带平遥控刚飞上去就失控了 ,你成功了没有  我前天还是带平遥控刚飞上去就失控了  点了自动反航都不行  给客服电话  说过保了只能7.5折
我的手机云台有异常抖动的现象,我的手机云台有异常抖动的现象，但客服说是我的手机不兼容。抖动是机械问题，兼容是软件问题，客服垃圾的很。
我想知道目前买御三pro的用户是不是都出现了拍视频的时候云台异常抖动,我朋友的御三pro，今天出去试飞拍视频，然后云台抖动。以前我飞p4p的时候，这个情况一边都是S档会出现，或者云台电机出问题过载严重。我想知道目前买御三pro的用户是不是都出现了拍视频的时候云台异常抖动
维修寄回后发现飞机云台异常,我a3百米高空性能故障坠机，免费维修，出于对大疆信任同意了，维修寄回后发现飞机云台异常，更换的配件是旧的有磨损痕迹，二次寄回维修，配件还是旧的，客服先说是运输碰撞（大家都懂飞机包裹的严实，而且磨损的部位不可能碰撞到，再电话回复说是可能是残次品或者维修时维修师傅导致。
云台异常抽风抖动看见好几个,是的，云台异常抽风抖动看见好几个
被打不会翻滚和云台异常,被打不会翻滚和云台异常
总是显示云台异常,收到货充电后操作显示镜头不能调整，总是显示云台异常，被卡，并且显示飞行时间1.92小时，13.9公里，怀疑翻新机，我要求退货退款，结果商家让我寄到大疆检测，出结果后再说，奇葩。
云台的0度和90度的切换延迟也比A3大,不仅如此，云台的0度和90度的切换延迟也比A3大。
云台的0度和90度的切换延迟也比A3大,不仅如此，云台的0度和90度的切换延迟也比A3大。。还有小风的时候，前进会有很大的左右偏移，用A3测试则很稳。
拉升40m左右突然就歪云台然后就失控坠机了,我跟你一模一样的问题，拉升40m左右突然就歪云台然后就失控坠机了，周围空旷也没有树和电线，售后赔了一台新裸机
云台那个抖动随后失控明显是云台烧了,看视频大概率是电路板故障了，可能是锈蚀造成短路导致的，云台那个抖动随后失控明显是云台烧了，应该是短路，原因就很多了，穿云、环境潮湿、部件老化等
3个月以后云台彻底失控,和你讲讲我的经历，我小炸鸡，没伤到云台，大疆让我换云台，我同意了，然后换回来偶尔有点小bug我没特别在意，3个月以后云台彻底失控，我拿回去，大疆说云台有问题修不了只能换不能修。也是一顿几折挤牙膏，最后六折维修，但是换的云台没收！！！修不好的云台它拿去干嘛呐！又是600！
出现过一次云台倾斜,在哈尔滨和漠河试过了，出现过一次云台倾斜，其他没问题
然后陷入长焦和云台倾斜的风波,御三玩家真的冤大头大头，刚出来半成品玩半年，然后陷入长焦和云台倾斜的风波，最后直接加量不加价下架一波背刺带走
云台依旧自动漂移,问题是，御3现有的问题大疆官方解决了吗？云台依旧自动漂移，大疆的态度就是不负责任
air3s今天我飞遇到云台卡顿,air3s今天我飞遇到云台卡顿，换个苹果手机就没有了
我问一下mini3Pro从空中掉下来显示云台被卡屏幕也黑屏了这是什么情况需要换云台吗,我问一下mini3Pro从空中掉下来显示云台被卡屏幕也黑屏了这是什么情况需要换云台吗？
但是飞到一百米高云台没有出现晃动,操作难易：新手第一次买，直接试飞，飞了100米高。灵敏度：下降是手动下降的，不要把遥控杆打到头，灵密度很高的。稳定性：晚上风有点大，但是飞到一百米高云台没有出现晃动，下降速度也很快。
air2S云台过载算明显吗这些最后是厂家的问题还是消费者的问题,三星电池爆炸算明显吗，小米烧WiFi算明显吗，air2S云台过载算明显吗这些最后是厂家的问题还是消费者的问题
一般云台过载基本都是没有拆云台保护壳就开机,一般云台过载基本都是没有拆云台保护壳就开机，别问我为啥知道，血的教训
就是app现在云台电机过载修要多少钱过保了,云台下不去90度最低只能上60度，就是app现在云台电机过载修要多少钱过保了
云台过载,三星电池爆炸算明显吗，小米烧WiFi算明显吗，air2S云台过载算明显吗这些最后是厂家的问题还是消费者的问题
云台过载,一般云台过载基本都是没有拆云台保护壳就开机，别问我为啥知道，血的教训
云台过载,云台过载，你开机的时候有没有先拆开云台盖呢
或者云台电机出问题过载严重,我朋友的御三pro，今天出去试飞拍视频，然后云台抖动。以前我飞p4p的时候，这个情况一边都是S档会出现，或者云台电机出问题过载严重。我想知道目前买御三pro的用户是不是都出现了拍视频的时候云台异常抖动
我是飞了几次老提示云台电机过载,想了几年的大疆无人机终于到手了，虽然说是很智能了对于新手来说还是需要几天熟悉操作的。拆开包装后要记得将固定云台的黑色泡沫拿掉！我是飞了几次老提示云台电机过载，飞行画面抖动，最后泡沫自己掉下来才发现！说我笨可以，提高下服务水准在简易说明说中提示一下也可以的！希望我的飞行技术越来越好，也希望大疆越来越好！
云台轴臂电机故障了吧,云台轴臂电机故障了吧！是有过小撞击吗？不影响飞的那种
倍率混合变焦云台抖动,你这小问题，我买的Air3切换9倍率混合变焦云台抖动，目前正在和大疆售400联系，希望能换货处理
然后云台抖动,我朋友的御三pro，今天出去试飞拍视频，然后云台抖动。以前我飞p4p的时候，这个情况一边都是S档会出现，或者云台电机出问题过载严重。我想知道目前买御三pro的用户是不是都出现了拍视频的时候云台异常抖动
长焦和延时会导致云台抖动,长焦和延时会导致云台抖动
发现很多云台无缘无故抖动抽风的,air3产品应该有缺陷，发现很多云台无缘无故抖动抽风的，无遮挡进入姿态坠机的你是我刷到第二个
云台抖动根本没道理啊为啥啊,在网上刷到很多这种无人机出问题的视频了，难道无人机就这么容易出问题吗？云台抖动根本没道理啊为啥啊，怎么会抖动呢。本来还想买一个玩玩的。
我的云台抖动不受控制,我的云台抖动不受控制
干扰枪会云台抖动,干扰枪会云台抖动？
云台不抖动,大品牌值得信赖，抗风能力强，稳定性高，控制能力强做工质量：做工好，拍照清晰，云台不抖动。操作难易：简单易学，上手快，定位准。其他特色：超过预期。值得推荐。
外加云台抖动,御3p 刚炸，三对桨叶，一条腿，外加云台抖动
结果第二台开箱云台还是有滋滋电流声,先是云台怪叫异响，沟通几次终于换了货，结果第二台开箱云台还是有滋滋电流声，只是比起怪叫声来说好多了，不想折腾只能认了… 希望dji售后也要跟上，别一遇到问题就说公差引起的不影响正常使用，这不就是质量问题吗？如果你买一辆新车有异响，你不换货？
云台有电流滋滋声,云台有电流滋滋声
首先就是云台的抽风,刚从4000多海拔的地方回来，mini3P操作员，7级风3800海拔可以起飞，起飞就被吹着横飞慢慢飘走；普通拍照和几种格式的视频基本都没问题，360全景照片一定没法合成，2%就卡死，需要手动停掉，180°照片尝试不下十次成功了一次，反而是“广角”那个9张合成的完全没问题；但是~云台被吹歪了，整个画面都是歪的，右拨轮没问题，左拨轮我不敢动，录了两段当乐子留着了，然后尝试逆风顺风侧风飞，它都没法回正，只好返航降落，然后落地它就自己拧回来了，重启后基本正常，继续顶风作案...回来检查视频的时候在电脑屏幕上发现还是偶尔会出现问题，首先就是云台的抽风，那个和海拔无关，纯纯的从娘胎里带出来的问题，随机出现了几次，然后就是云台歪脖，比抽风幅度小，发生过很短暂的一两次，然后是画面的抽搐，轻微，几次；然后是画面的波浪纹，这个是第一次见，怀疑的返航时大风，我垂直云台慢慢抬起拍摄时云台和风的较劲？耗电比我预期好很多，两块电池都飞了18分钟左右没有出现突然掉电的情况
我的也是云台突然抽风,我的也是云台突然抽风，然后电子调速器异常，免费修了
我Air3也是正常飞行中云台抽搐然后断图传,我Air3也是正常飞行中云台抽搐然后断图传
有一个小小的瑕疵就是云台保护罩并不是很方便拆,大玩具，慢慢上手，电池掉电太快后续购买了备用电池。已经飞了五六圈了，纯小白普通模式还是毕竟容易上手的。安全保护系统做的很棒，自动返航等设定避免了很多不必要的麻烦。有一个小小的瑕疵就是云台保护罩并不是很方便拆，总担心哪一次力度大点就拆坏了。后面慢慢玩，技术慢慢练。感谢后续客服耐心解答了我的很多问题。
校准后云台向左歪,云台校准无报错，校准后云台向左歪
云台是不歪了,如果手动校准，云台是不歪了，但水平歪了
只要云台不歪就不影响使用,只要云台不歪就不影响使用
我的云台起飞前会自己突然歪到限位然后在慢慢回正,我的云台起飞前会自己突然歪到限位然后在慢慢回正，还有异响，快递到大疆南京售后当天检测结果就出来了，开始维修了，还是免费，感觉效率挺高的！
我第一次从官网买了御2专业版买回来云台都是歪的更本没法控制,我第一次从官网买了御2专业版买回来云台都是歪的更本没法控制
还有刚买的第一次飞打方向时候云台直接歪了,还有刚买的第一次飞打方向时候云台直接歪了。不是FPV模式
御3的云台经常会歪,御3的云台经常会歪，有时候会抽搐，拿去寄修客服说没问题
云台被吹歪了,刚从4000多海拔的地方回来，mini3P操作员，7级风3800海拔可以起飞，起飞就被吹着横飞慢慢飘走；普通拍照和几种格式的视频基本都没问题，360全景照片一定没法合成，2%就卡死，需要手动停掉，180°照片尝试不下十次成功了一次，反而是“广角”那个9张合成的完全没问题；但是~云台被吹歪了，整个画面都是歪的，右拨轮没问题，左拨轮我不敢动，录了两段当乐子留着了，然后尝试逆风顺风侧风飞，它都没法回正，只好返航降落，然后落地它就自己拧回来了，重启后基本正常，继续顶风作案...回来检查视频的时候在电脑屏幕上发现还是偶尔会出现问题，首先就是云台的抽风，那个和海拔无关，纯纯的从娘胎里带出来的问题，随机出现了几次，然后就是云台歪脖，比抽风幅度小，发生过很短暂的一两次，然后是画面的抽搐，轻微，几次；然后是画面的波浪纹，这个是第一次见，怀疑的返航时大风，我垂直云台慢慢抬起拍摄时云台和风的较劲？耗电比我预期好很多，两块电池都飞了18分钟左右没有出现突然掉电的情况
然后就是云台歪脖,刚从4000多海拔的地方回来，mini3P操作员，7级风3800海拔可以起飞，起飞就被吹着横飞慢慢飘走；普通拍照和几种格式的视频基本都没问题，360全景照片一定没法合成，2%就卡死，需要手动停掉，180°照片尝试不下十次成功了一次，反而是“广角”那个9张合成的完全没问题；但是~云台被吹歪了，整个画面都是歪的，右拨轮没问题，左拨轮我不敢动，录了两段当乐子留着了，然后尝试逆风顺风侧风飞，它都没法回正，只好返航降落，然后落地它就自己拧回来了，重启后基本正常，继续顶风作案...回来检查视频的时候在电脑屏幕上发现还是偶尔会出现问题，首先就是云台的抽风，那个和海拔无关，纯纯的从娘胎里带出来的问题，随机出现了几次，然后就是云台歪脖，比抽风幅度小，发生过很短暂的一两次，然后是画面的抽搐，轻微，几次；然后是画面的波浪纹，这个是第一次见，怀疑的返航时大风，我垂直云台慢慢抬起拍摄时云台和风的较劲？耗电比我预期好很多，两块电池都飞了18分钟左右没有出现突然掉电的情况
云台歪了,我也是，那时候我在500米高拍延时，然后卫星瞬间掉二十多然后信号弱，直接姿态模式，云台歪了，过了几秒他在天上自己飘了一段距离，然后又恢复正常了，这个好像是大疆Air3的通病
云台歪了,我的mini3Pro见夏清以后云台歪了一点点，手动校准调不回来，我是处女座，蓝瘦死
云台会很歪不知道为什么,云台会很歪不知道为什么，云台校准过
我的mini3Pro见夏清以后云台歪了一点点,我的mini3Pro见夏清以后云台歪了一点点，手动校准调不回来，我是处女座，蓝瘦死
歪云台 ,总体来说御3有的问题他都有 个人来说如果能接受2s的续航的话还是更推荐2s吧 歪云台 延时抖动 鬼影 闪蓝光 一个都逃不掉
快速前飞时云台会被顶歪的问题,首发购入，体验过来评价。操作简单，灵敏度高，稳定性也不错，关键是小巧，用起来非常的方便，拍照，拍视频，都是杠杠的。还支持无损竖拍，可以将镜头竖起来拍摄，拍摄竖版视频进行网络传播。它的云台构型妥善解决了无人机在俯拍后退、快速前飞时云台会被顶歪的问题。做工质量非常精细，外形外观设计漂亮，操作简单，横竖拍摄、三向避障、跟随功能、大师镜头等非常适用。
上次我直接把云台撞歪了,你这个还好，上次我直接把云台撞歪了，直接换新。
我的air2s避障失效云台摔坏了后来分析数据确定机器自身问题,我的air2s避障失效云台摔坏了后来分析数据确定机器自身问题，免费更换了配件，没买随心换
云台吹偏的问题解决了么,云台吹偏的问题解决了么
比如我1W买的精灵炸机了机臂断了云台掉了镜头裂了700块钱能再换1W块钱么你觉得,比如我1W买的精灵炸机了机臂断了云台掉了镜头裂了700块钱能再换1W块钱么你觉得
云台断裂,我下午刚炸，云台断裂，螺旋桨断了一个
云台烂了外壳炸了,我的''a2返回中降到两三单小直接掉下来，云台烂了外壳炸了，大彊客服叫我邮过去到付，寄回来的全新的，连邮费都不用付。大彊太牛了，必须的好评
云台左右贴膜揭开后有刮画现象,云台左右贴膜揭开后有刮画现象，不知是运输造成还是二次销售？
云台掉了机臂断了桨叶断了,刚刚炸机了，云台掉了机臂断了桨叶断了，售后说一千往上了得，我修不起啊
我的minise炸机了我的云台完好但是和飞机断开来了我看别人的视屏都说要直接换那我的完好无损的云台呢,我的minise炸机了我的云台完好但是和飞机断开来了我看别人的视屏都说要直接换那我的完好无损的云台呢？？？
air3炸机云台容易断,air3炸机云台容易断
云台的电机有异响,我的2s是撞树炸机后重启，APP提示云台被卡住。云台也不能自检，用手拨动云台也没有阻力感。云台的电机有异响。已经寄回大疆维修了。虽然还在定损中。
未起飞时云台有明显滋滋异响,操作难易：简单易上手，提示很齐全外形外观：相较御3的双摄，3Pro三摄还是很帅的做工质量：未起飞时云台有明显滋滋异响，无风环境下3x，1x延时摄影时非正常抖动（非位置偏移）厉害稳定性：RC信号良好时图传稳定，切换镜头有严重卡顿，延时摄影结束&自动返航时在RC信号满格条件下图传出现非正常条纹其他特色：全向避障在光充足情况下工作良好，选择常规智能返航时的路线规划过于激进，有安全隐患，40分钟续航时间很耐用，可以完成更多的摄影工作
先是云台怪叫异响,先是云台怪叫异响，沟通几次终于换了货，结果第二台开箱云台还是有滋滋电流声，只是比起怪叫声来说好多了，不想折腾只能认了… 希望dji售后也要跟上，别一遇到问题就说公差引起的不影响正常使用，这不就是质量问题吗？如果你买一辆新车有异响，你不换货？
17号左摇杆上推卡住伴有异响弹簧被东西卡住了,16号买的 拆箱遥控器里面就有东西断了一摇就响。客服说线松了 我就呵呵。 17号左摇杆上推卡住伴有异响弹簧被东西卡住了。幸好是手机模拟。要不非炸。这就是京东旗舰店。
都出现了五维摇杆容易脱落的情况,我2018年买的大疆Air1，用了半年出现了摇杆磨损无法校准飞行时不打杆自动偏航，2018年问题才多呢，djigo4的飞机搜星慢得要命，精灵4云台不正，默认遥控器离飞机3米以内是2.4g信号优先，甚至还有排线外露这些设计缺陷，御pro当时的标配遥控器（甚至包括御2的以及一代黑控）都出现了五维摇杆容易脱落的情况。其实这样看来大疆现在杜绝了一些复杂的机械结构，所以说这一点的歪无所谓
摇杆有事会失灵 ,避障不管用  摇杆有事会失灵 方向不是很稳
用了半年出现了摇杆磨损无法校准飞行时不打杆自动偏航,我2018年买的大疆Air1，用了半年出现了摇杆磨损无法校准飞行时不打杆自动偏航，2018年问题才多呢，djigo4的飞机搜星慢得要命，精灵4云台不正，默认遥控器离飞机3米以内是2.4g信号优先，甚至还有排线外露这些设计缺陷，御pro当时的标配遥控器（甚至包括御2的以及一代黑控）都出现了五维摇杆容易脱落的情况。其实这样看来大疆现在杜绝了一些复杂的机械结构，所以说这一点的歪无所谓
我打开穿越摇杆时盒子都裂开了,第一次入手大疆无人机，怎么说呢开箱体验不是很好，我打开穿越摇杆时盒子都裂开了，无人机套装打开后里面一个螺旋桨的泡棉是掉下来的，我仔细看了没有指纹或人为导致的痕迹，确定这是物流运输导致的，幸好东西没有损伤，无人机电池仓有灰而且擦不掉，不知道什么原因，整体无人机做工吧挺好的，但是很多配件做工不行，你要按苹果的标准比肯定差远了，别觉得我吹毛求疵，当时买的时候觉得大疆是中国第一无人机品牌，现在这种体验只能说一般，我只打开包装激活升级了，还没飞，之后再评价吧
一旦机器因误操作或因信号丢失触发自动返航极易炸机,看地图可知，飞机是在闹市飞的，周围存在高楼幕墙、电线等障碍物，一旦机器因误操作或因信号丢失触发自动返航极易炸机，建议高学历人员在培训通过后再操作，谢谢
信号丢失又不是图传丢失,信号丢失又不是图传丢失
为啥我的Avata飞了几十米就图传信号丢失,为啥我的Avata飞了几十米就图传信号丢失
500米信号丢失,500米信号丢失。直接炸了。商品详情说信号9千米以上。
信号丢失平安飞回,飞机到了一直没有时间试飞。到海边玩了一次，从试飞开始飞行了了好几个项目。总体非常满意。首先，飞行非常平稳，抗风能力很好，海边风大能平稳悬停，拍摄效果很好。飞出超视线，信号丢失平安飞回。跟随拍摄，没有丢失目标。
图传信号丢失即自动返航,操作难易：比较容量。灵敏度：佳。稳定性：好。做工质量：一般。外形外观：漂亮。其他特色：图传信号丢失即自动返航，安全性高。做工一般，乍一看像是玩具，上手很轻。开机后GPS找到信号稍久（表现为返航点更新稍慢），还有就是遥控器移动后（人拿着遥控器走一段距离后，返航点不会自动刷新）要手动刷新返航点。画质与御2还是有差距的。
2km内无遮挡十分跟手2.5km后开始信号丢失稳定性,操作难易：简单灵敏度：2km内无遮挡十分跟手2.5km后开始信号丢失稳定性：差，三级风以上稳定性骤降外形外观：方便小巧
应该不会丢失信号的,收到Air3并使用了一段时间来客观评价一下，飞行器做工细致，仔细检查机器全新，没有发现问题，且携带也还方便！科普相关教程后，开始飞行，操作上很精准、便捷，只要谨慎、保守些飞行，大概率可以避免发生的安全问题，高空的飞行视觉确实很大气、广阔的，视觉感很强，在无信号干扰宽广的场地飞个几公里的话，应该不会丢失信号的，综合体验下来觉得是一款不错的产品，下面就个人来说，觉得不足的地方，此机型拍摄的画质表现还是有些差强人意，和使用的A1全画幅对比不论是视频还是图片都有非常大的差距，看惯了高画质表现，觉得这个机器拍摄的色彩层次感、画面的纯净度，清晰度等达不到自己期待的理想效果，同样都是4K60P的视频和图片，差距还是明显的，考虑到飞行器的传感器较小等问题，这些都能接受的，Air3让我也体验到了飞行的快乐感，总之这款产品达到了大疆预期市场的目的，产品中规中矩的表现满足了大部分飞友的需求和目的！
信号有遮挡容易丢失,操作难易：简单易操作，模拟器飞了三个多小时就能上手。灵敏度：摇杆基本指哪打哪。稳定性：信号有遮挡容易丢失。做工质量：大疆工艺流程。外形外观：小巧轻便，外形设计很赞其他特色：操作简单易上手，内置桨叶防炸机。
摇杆信号容易丢失,目前发现的主要问题，抗风比较差，速度比较慢，摇杆信号容易丢失，其他完美，希望尽快放开m档
没有多远信号丢失了,差的很，没有多远信号丢失了，飞机现在也丢失的状态
信号丢失,看地图可知，飞机是在闹市飞的，周围存在高楼幕墙、电线等障碍物，一旦机器因误操作或因信号丢失触发自动返航极易炸机，建议高学历人员在培训通过后再操作，谢谢
信号丢失,信号丢失又不是图传丢失
信号丢失,为啥我的Avata飞了几十米就图传信号丢失
信号丢失,500米信号丢失。直接炸了。商品详情说信号9千米以上。
信号丢失,飞机到了一直没有时间试飞。到海边玩了一次，从试飞开始飞行了了好几个项目。总体非常满意。首先，飞行非常平稳，抗风能力很好，海边风大能平稳悬停，拍摄效果很好。飞出超视线，信号丢失平安飞回。跟随拍摄，没有丢失目标。
信号丢失,操作难易：比较容量。灵敏度：佳。稳定性：好。做工质量：一般。外形外观：漂亮。其他特色：图传信号丢失即自动返航，安全性高。做工一般，乍一看像是玩具，上手很轻。开机后GPS找到信号稍久（表现为返航点更新稍慢），还有就是遥控器移动后（人拿着遥控器走一段距离后，返航点不会自动刷新）要手动刷新返航点。画质与御2还是有差距的。
信号丢失,操作难易：简单灵敏度：2km内无遮挡十分跟手2.5km后开始信号丢失稳定性：差，三级风以上稳定性骤降外形外观：方便小巧
信号丢失,差的很，没有多远信号丢失了，飞机现在也丢失的状态
信号丢失,三包飞行期间，信号丢失，并没有原路返航，在距离100米处炸机落地。作为大疆无人机多年玩家，实在失望。一直相信大疆的品质与服务，这次大失所望。与官方沟通，要求鉴定，客服只是重复说炸机原因为非人为操控导致，如果退，也只能给退无人机，可我买的是进阶套装，还有相应服务和配件是不能解决的，无奈之下确实也给换了新机。但过了三包期，就是只修不换。机器本身什么问题，我不知道，信号丢失之后，数据没有记录，也不返航，风险实在太高了。
信号丢失,普通档当玩具玩没问题，但是飞几次就腻了，画面摇摇晃晃的没法拍视频。M档对比1代太不耐炸了，应该跟桨叶正置的设计有关，上一代是反置，而且有坚固独立的保护圈。这代桨叶支架包括机身都很脆弱。我离飞机50米远的距离试飞M档正向翻滚，当时在公园的草地，飞机落下时眼镜显示无图传信号了，大概就4，5米的高度落下来，结果就摔黑屏了，连接不上飞机。邮寄到大疆报修，GPS和主板摔坏，大疆坚称没有出现信号丢失问题，维修费太高只能走随心换。建议M档玩家慎拍：1代的死亡掉头死亡翻滚等没有解决，耐炸性却又大幅降低！
信号丢失,第一视角飞行体验很爽。运动模式下速度已经够快了。模拟器练好了再飞手动模式。注意一定要远离信号塔，否则容易遥控器信号丢失，幸亏大疆fpv有自动返航功能，吓了一身冷汗。三块电池是必须的，运动模式下大概可以飞6分钟左右，普通模式下可以飞15分钟左右。
信号丢失,物流速度奇快，第一天晚上九点多下单，第二天中午就到了，第二天晚上加班太迟回来，第三天上午才激活首飞。图传距离感觉没比我去年买的mini好多少，距离两公里多就提示遥控信号丢失。眼镜耗电速度好快啊。套装没赠送收纳包也很不方便，尤其是出门去玩。其他再飞几天再做评价
信号丢失,收货第一天，在家天台试飞一下，结果飞了不够100米，说信号丢失，一直停在空中，控制不到返航，很不容易终于控制返航，在返航途中，突然说电量过低，原地降落，结果降落到别人的家里面了。什么低电量返航，什么控制距离4公里。全都是谎话。还以为大疆大品牌会有好的体验。结果体验了一个超级废品。还卖这么贵？幸好不是在湖面直接降落，而且邻居跟体谅帮忙寻找，这9000块的飞机就这样打水漂了。实在太垃圾了，大疆在我心里面马上变成一个垃圾品牌。太差了
信号丢失,大疆御3C无人机是大疆推出的一款高性能无人机，它具有以下特点：1. 强大的性能：大疆御3C无人机采用了先进的飞行控制系统和导航技术，能够实现高精度的定位和稳定的飞行。它还配备了高性能的摄像头，能够拍摄出高质量的视频和照片。2. 丰富的功能：大疆御3C无人机支持多种飞行模式，包括手动模式、自动模式、兴趣点环绕模式等，能够满足不同用户的需求。此外，它还支持实时图传、自动追踪、一键起飞/降落等功能，操作非常简单。3. 优秀的可靠性：大疆御3C无人机采用了高品质的材料和制造工艺，具有出色的耐用性和抗风能力。它还配备了多重安全保护功能，如低电量自动返航、遥控信号丢失保护等，能够确保无人机在各种环境下的安全飞行。4. 高性价比：相对于同类产品，大疆御3C无人机的价格更加亲民，但它的性能和质量却丝毫不逊色。这使得它成为了许多摄影爱好者和无人机爱好者的首选。总的来说，大疆御3C无人机是一款性能强大、功能丰富、可靠性高、性价比高的无人机，非常适合摄影、航拍、测绘等领域使用。
信号丢失,容易上手，没有买4g模块，飞出去2km左右就信号丢失，自动返航了。赠品很赞
信号丢失,这个无人机还是比较有用，飞的120米高就不能再高了。图像比较清晰。但不能飞太远 飞到一个公里左右，就老是提示信号丢失了，自动返航。
信号丢失,想问下信号丢失自动返航后，像视频这种情况，可以按紧急悬停吗？会听指令吗？
信号丢失,有随心换是大爷，没随心换是韭菜，当年随心换到期的时候，你会发现机器故障率提高了，比如没飞多远就信号丢失
信号丢失,飞行环境一点都没描述，信号丢失自己没原因吗我就想知道自己先飞到丢失信号导致炸鸡，谁理你啊？
信号丢失,一般不存在信号丢失的啊，也不知道你是怎么弄的，技术上问题有可能是你操作不当，抗风性的话，最大风我没试过，但3、4级风的情况下也基本没事。也很平稳。就是飞得慢。
信号丢失,一样的哈，我的自己信号丢失也没有返航，大疆说我自己飞到水里面了
信号丢失之后,三包飞行期间，信号丢失，并没有原路返航，在距离100米处炸机落地。作为大疆无人机多年玩家，实在失望。一直相信大疆的品质与服务，这次大失所望。与官方沟通，要求鉴定，客服只是重复说炸机原因为非人为操控导致，如果退，也只能给退无人机，可我买的是进阶套装，还有相应服务和配件是不能解决的，无奈之下确实也给换了新机。但过了三包期，就是只修不换。机器本身什么问题，我不知道，信号丢失之后，数据没有记录，也不返航，风险实在太高了。
大疆坚称没有出现信号丢失问题,普通档当玩具玩没问题，但是飞几次就腻了，画面摇摇晃晃的没法拍视频。M档对比1代太不耐炸了，应该跟桨叶正置的设计有关，上一代是反置，而且有坚固独立的保护圈。这代桨叶支架包括机身都很脆弱。我离飞机50米远的距离试飞M档正向翻滚，当时在公园的草地，飞机落下时眼镜显示无图传信号了，大概就4，5米的高度落下来，结果就摔黑屏了，连接不上飞机。邮寄到大疆报修，GPS和主板摔坏，大疆坚称没有出现信号丢失问题，维修费太高只能走随心换。建议M档玩家慎拍：1代的死亡掉头死亡翻滚等没有解决，耐炸性却又大幅降低！
丢失信号会自动返航,先说说缺点吧，录制的视频不能直接上传手机，需要sd卡，不过手机连着飞然后用录屏功能应该就行了。另外摄像头不能缩放，不过这不算正式的航拍机能理解。其他的话m档太高段位，用s档也完全够了，27m/s相当于97km/h，这速度追拍普通汽车也够了。头戴式vr眼镜体验第一人称视角超高速飞行，电池续航的话想多飞会还是建议买昌飞包的！机体灯光和外形都很酷炫，场地空旷下飞1.2km外完全ok，丢失信号会自动返航。
丢失信号会自动返航,操作难易：操作非常简单！按照提示做就行了灵敏度：很灵敏 完全按照指令飞行稳定性：比较稳，在小风天也能飞做工质量：还是很精致的，虽然轻巧但是一点儿也不廉价外形外观：好看其他特色：丢失信号会自动返航很赞
有时候会丢失信号,买了穿越机，看上去有点大，声音还是比较大的。戴上头盔，能换个第一人称视角，这个还是蛮好的，能看到原来看不到的地方。不过有点大，东西也比较多，不够轻便，这可能是个问题。续航也差了一点，有时间飞出去容易掉图像，也可能我飞的地方不全是野外，有时候会丢失信号。还好飞机能自己回来，要不然就不知道啥情况了。
800m容易丢失图传信号,城市和公园飞行大概500~800m容易丢失图传信号，无信号后飞行会悬停并自动开始返航，航拍画面一般，产品有点鸡肋，既不能实现比较好的航拍效果，也不能实现大胆飞行类似涵道机的穿越，也没有类似大疆的一键短片或大师镜头那些功能，宣传的没有体验的效果好。
说信号丢失,收货第一天，在家天台试飞一下，结果飞了不够100米，说信号丢失，一直停在空中，控制不到返航，很不容易终于控制返航，在返航途中，突然说电量过低，原地降落，结果降落到别人的家里面了。什么低电量返航，什么控制距离4公里。全都是谎话。还以为大疆大品牌会有好的体验。结果体验了一个超级废品。还卖这么贵？幸好不是在湖面直接降落，而且邻居跟体谅帮忙寻找，这9000块的飞机就这样打水漂了。实在太垃圾了，大疆在我心里面马上变成一个垃圾品牌。太差了
这时图传信号很稳定没有丢失,大疆果真名不虚传，真的厉害👍无人机到手后很轻，动力却很足，质量没的说，真的强，先测试了一下最高和最远距离，高度500m随便拿下，最远测试，西北风2级，飞到7500m提示电量不足仅够返航，这时图传信号很稳定没有丢失，还能继续飞，但因为是新手还是放弃了让返航了。4k视频拍出来感觉比我的苹果15pm还要清楚，在空中视频镜头非常稳定，长续航电池50分钟随便用，大疆无人机值得信赖，非常喜欢，成功沦为了大疆粉
但是在树多的地方容易丢失信号,做工质量：做工质量很好，图片能看得出来灵敏度：很灵敏，但是在树多的地方容易丢失信号，还是最好去空旷的地方飞操作难易：基本操作多联系就熟练了，外形外观：很漂亮，刚玩这个，买了入门级的
信号也不会丢失,还是要相信大品牌，买的是送给领导的礼物，领导很满意。说续航能力不错，视频也很清晰，信号也不会丢失，飞行比较平稳，相信大疆！
丢失信号会自动返航很赞,操作难易：操作非常简单！按照提示做就行了灵敏度：很灵敏 完全按照指令飞行稳定性：比较稳，在小风天也能飞做工质量：还是很精致的，虽然轻巧但是一点儿也不廉价外形外观：好看其他特色：丢失信号会自动返航很赞
画面丢失等问题在于客服联系说我这城市里信号不好正常,这是为数不多非常糟糕的购物体验，首先收到飞机试飞的时候就发现图传有问题，画面丢失等问题在于客服联系说我这城市里信号不好正常，但是后续多次发现问题联系大疆售后线上检查结果是硬件有问题，后续换新发过来的明显不是新的。
飞出去2km左右就信号丢失,容易上手，没有买4g模块，飞出去2km左右就信号丢失，自动返航了。赠品很赞
就老是提示信号丢失了,这个无人机还是比较有用，飞的120米高就不能再高了。图像比较清晰。但不能飞太远 飞到一个公里左右，就老是提示信号丢失了，自动返航。
想问下信号丢失自动返航后,想问下信号丢失自动返航后，像视频这种情况，可以按紧急悬停吗？会听指令吗？
se2丢失信号炸机,你好，我想问一下，我也是过年期间mini se2丢失信号炸机，找到了残骸邮寄售后，今天说维修价格全算上一千出头，这还要休么
比如没飞多远就信号丢失,有随心换是大爷，没随心换是韭菜，当年随心换到期的时候，你会发现机器故障率提高了，比如没飞多远就信号丢失
首先丢失信号在飞无人机的时候太正常了,我觉得玩无人机无可避免的要在炸鸡中成长，但是有些功课也可以提前做，首先丢失信号在飞无人机的时候太正常了，根据你周围的环境，你遥控的距离是千差万别的，如果周围楼房树木多可能你飞出去几百米信号就没了，如果空旷可能飞出去七八公里都没问题，那飞之前就要做好丢信号之后的一些设置，比如看一下周围最高的建筑大概多高，你的返航高度尽量是要设置高于他的，其次你起飞的地方上空是否有遮挡，尽量避开，起飞之后刷新返航点之后再出发，最后一般丢了信号自动返航途中就能重新找回信号，找回信号之后就可以选择自己手动而不是非要让它自己返航降落
如果设置了丢失信号回自动升到那个高度再返航的,是不是没有设置自动返航高度，如果设置了丢失信号回自动升到那个高度再返航的
信号丢失自己没原因吗我就想知道自己先飞到丢失信号导致炸鸡,飞行环境一点都没描述，信号丢失自己没原因吗我就想知道自己先飞到丢失信号导致炸鸡，谁理你啊？
好在每次丢失信号都能自动回来重新链接,这种情况直接电话沟通吧，不过你确实切换APP了，山区山体确实会信号不太好，我平时去山里飞2s都不敢飞太远。好在每次丢失信号都能自动回来重新链接
一般不存在信号丢失的啊,一般不存在信号丢失的啊，也不知道你是怎么弄的，技术上问题有可能是你操作不当，抗风性的话，最大风我没试过，但3、4级风的情况下也基本没事。也很平稳。就是飞得慢。
我今天刚飞丢高空就丢失信号就无了如果客服答复不满意我也发小红薯,我今天刚飞丢高空就丢失信号就无了如果客服答复不满意我也发小红薯
我的自己信号丢失也没有返航,一样的哈，我的自己信号丢失也没有返航，大疆说我自己飞到水里面了
丢信号就会掉下来,丢信号就会掉下来？
遮挡丢信号不是正常的吗,遮挡丢信号不是正常的吗？？？
信号塔突发故障或者其他信号发射器突发干扰,日常用经纬工作的小菜鸡表示，你这个情况很像是起飞前没做好飞前检查准备，在有干扰地区飞行或者卫星型号弱，一个地区就算你之前每天飞都正常至少8个10个星你能飞，但是附近如果有限飞（比如航路）、信号塔突发故障或者其他信号发射器突发干扰，都可能会出现突然进入姿态模式或者飞机受干扰等危险情况，再不济，黑飞随时会被打，但从你说的确实不太看得出来是飞机自己的问题，不过电子产品嘛，成熟如iPhone也会有许多瑕疵机是吧 概率问题
后面我在提供信号连不上图片给大家看,续航38分钟，结果24分钟，4g网络有三格时候居然连接不上起飞不了，晚上想要拍夜景，那就一切都没有可能，因为这种还提示灯光暗。主要是你卖了只要开机就退不了货，只能看一眼。买的时候啥也没有提示，退货提示激活了退不了。买了你一定后悔瞎了眼，后面我在提供信号连不上图片给大家看。
是如何保证信号不中断的,一直想知道像这种很多在市内穿行的画面，是如何保证信号不中断的？按理来说，大疆的无人机除了带4G模块的，很多时候进到室内或者被楼房遮挡就没了信号，那这种穿越机是怎么做到信号不断还可以操控？
50米高距离也不远突然信号中断之后就没了,2023年12月的最后一天，我也是这样的。50米高距离也不远突然信号中断之后就没了。上传飞行记录官方承认是飞机问题，建议5折购机，后来找到了维修费用3150！我没同意，3个月了大疆寄回来的快递我都兴趣拆了。打算永久封存！
信号中断差点失联也能回来,日常使用很好，撞了树还能直接使用它断了，信号中断差点失联也能回来。入门级的已经是很不错了
好在信号中断的自动返航还不错,国庆新疆喀什用上，作为有固定翼和直升机双私照的飞行员，眼镜的体感效果还是不错的，只是电池续航和天线还是有局限，好在信号中断的自动返航还不错。
我上次信号中断把我的魂给吓没了 ,我上次信号中断把我的魂给吓没了 还好我在十分空旷的地方玩
信号中断很正常,信号中断很正常，突然隔墙就会这样，或者就是你自己没看右上角的状态栏，信号有一点衰减迹象应该有意识。不过这不是主要的，最重要的是你返航设置的问题，返航高度应设置成高于周围一切障碍物的数值（在离自己50m以上才会启动先上升再返航的程序），多半没好好看说明书
突然中断信号这事确实我也遇到了 ,突然中断信号这事确实我也遇到了 感觉这批机器有问题
在门店问销售如果信号中断导致机器损坏怎么办,其实没搞懂为啥这么多人吹随心换，机器7k多+699/年(2S)随心换，但坏了又不是免费换，还要再掏799才能换个官翻机，我都傻了，这哪里划算啊？新手买完不是照样飞得提心吊胆？在门店问销售如果信号中断导致机器损坏怎么办？对方含含糊糊，觉得不好说，可能算个人操作问题 得自己承担。被当场劝退
emmmm你飞了多远显示信号中断的呢,emmmm你飞了多远显示信号中断的呢
信号他本来就是突然间中断的,你没有调整返航高度，信号他本来就是突然间中断的，别飞太低
大雾天飞高了信号中断,我的air2也飞丢了，大雾天飞高了信号中断。新手，对当时的天气没判断好，本来无线的东西就不怎么靠谱，尤其城区干扰信号就多，这里面我的责任占了大部分，从来没要求百分之百没问题，以目前的技术条件下大疆已经做得很好了，别说一个无线控制的无人机，就是有人操纵的飞行器都有坠机的可能。一家之言，不喜勿喷。对你的遭遇深表同情
等飞的时候发现信号总是中断,全新置换，换过来的机子一直没去试飞，等飞的时候发现信号总是中断，寄过去也说主板损坏，叫我付费维修九百多，非常坑的大疆，机子本身的问题也叫我们付费    
可能是因为信号被遮挡了,不，可能是因为信号被遮挡了，因为我也同样原因寄了一台飞机……不过是桥洞出来后拉升撞到河边树枝了
大部分遮挡物都有不错的信号遮挡能力,大部分遮挡物都有不错的信号遮挡能力
很多时候进到室内或者被楼房遮挡就没了信号,一直想知道像这种很多在市内穿行的画面，是如何保证信号不中断的？按理来说，大疆的无人机除了带4G模块的，很多时候进到室内或者被楼房遮挡就没了信号，那这种穿越机是怎么做到信号不断还可以操控？
唯一不好的是信号真的还有一个有点视角遮挡不适合低飞,唯一不好的是信号真的还有一个有点视角遮挡不适合低飞
又能在一定高度区间内缓解障碍物遮挡导致信号不稳定,突然对于图传有一个不成熟的想法，能不能再用一个无人机当作传输信号的“中继”？既起到放大信号的作用，又能在一定高度区间内缓解障碍物遮挡导致信号不稳定。
远距离有强干扰或者被遮挡信号的话正常,远距离有强干扰或者被遮挡信号的话正常，无缘无故的就不对劲了
到室内又遮挡着信号,是啊，我原先用御2连手机的时候，外面阳光大很难看清屏幕，到室内又遮挡着信号，用着太难受了，但带屏遥控器也是有点贵的
有时候有遮挡物飞5六百米都信号差了,电池还可以，有时候有遮挡物飞5六百米都信号差了。
估计是周边高楼遮挡了信号,不错的入门级无人机，小白很容易上手，视频清晰、无卡顿。昨天收到货后，晚上、今天早上各试飞了一下，在小区内放飞时显示无G P S信号，估计是周边高楼遮挡了信号。在江边空旷处放飞，G P S信号显示正常。
然后再下降信号就会被遮挡,6.18购的很划算，就是没有避障功能，但是价格是值了，收毕货一直没时间飞，一个礼拜才开机的，很小巧，很好上手，而且一键返航太好了，不怕飞丢了，买了一年的随心换，接着就是电池只能飞二十二，三分钟，离官方测试的31分钟少了一大截！飞机飞完后电池和机身都很烫，在小区起飞后如果直线飞高一百多米，然后再下降信号就会被遮挡，还是要在空旷的地方飞，一键升高，这些都要在很宽阔的地方，否则很容易炸机撞到！
没建筑遮挡信号很好,操作难易：按教程操作简单上手，有很多功能灵敏度：很灵活，没建筑遮挡信号很好，飞老远稳定性：抗风性强做工质量：质感很好，天气太热了，飞出去温度很高外形外观：大疆Air一贯风格，很酷。
为什么没遮挡两三百米就警告信号差,操作很简单，就是信号不太好！为什么没遮挡两三百米就警告信号差！
镂空的二环都能遮挡信号,我的就是自动返航撞建筑物了，打电话给客服客服说原路返回，后面又说直线返回，宣传的10公里，每次都是600米左右就没信号了，镂空的二环都能遮挡信号，无语
穿到楼后面被完全遮挡能不断信号吗,穿到楼后面被完全遮挡能不断信号吗
物体遮挡都会造成信号失联,信号问题的外界因素有很多，比如有信号干扰，物体遮挡都会造成信号失联，新手适合飞高，反而安全，遥控器与飞机也不能有物体遮挡
被遮挡断信号返航炸机,我是盘楼忘了改返航高度120米，高楼400米，被遮挡断信号返航炸机
RC信号有遮挡会变差,你没用4g信号吗？RC信号有遮挡会变差
信号尽量别有遮挡就好了,十一前买的阿三，挺好的～信号尽量别有遮挡就好了。有遮挡时信号指示刚变红时还好用，马上返回即可。没信号了电源快消耗没时会算着时间自动返航到起飞点。起飞前最好在原地开机五分钟后再起飞，毕竟北斗这玩意虽说26秒就定位，但是精准定位还要三五分钟
有遮挡时信号指示刚变红时还好用,十一前买的阿三，挺好的～信号尽量别有遮挡就好了。有遮挡时信号指示刚变红时还好用，马上返回即可。没信号了电源快消耗没时会算着时间自动返航到起飞点。起飞前最好在原地开机五分钟后再起飞，毕竟北斗这玩意虽说26秒就定位，但是精准定位还要三五分钟
为什么信号这么好不会失联~,为什么信号这么好不会失联~~~~~
飞机信号屏蔽区失联不很正常吗,飞机信号屏蔽区失联不很正常吗！
但是发到500米远左右后信号失联,今天上午收到，下午试飞，还特意选择了空旷的公司大院，飞到隔壁的公园，总体不错。但是发到500米远左右后信号失联，后高空撞到宝塔上面摔了下来，机器坏了，心痛死了。第一时间联系客服，申请随心换，付了300多。后来联系客服，说在保修期内，帮我取消了随心换，预约寄回维修，不过说真的，大疆的客服的确好，明天我寄回机器与电池，的确不是**作问题，不知道为何第一次飞信号这么弱，飞行前还检查了GPS信号，期待给我的售后跟上
请问你说信号失联情况具体地址在哪,请问你说信号失联情况具体地址在哪？是在中国大陆还是在国外?
但是从你描述的信号失联和返航炸鸡的情况,虽然我不知道具体什么情况，但是从你描述的信号失联和返航炸鸡的情况，观察飞行情况和信号状态是飞手的事 ，还有失联返航的条款你应该没看，失联导致炸鸡是飞手的责任，从16年开始玩大疆到现在，我可以说见证了大疆售后的提升（我以前也经常炸鸡，被大疆售后ex过）但是单从你描述的情况来看，很大概率是自身操作问题哦
随便一个信号干扰就没了,在城市里，随便一个信号干扰就没了。
不带屏用手机的话不能接电话为了信号应该要关网络的而且就算不关插着遥控器也不好接电话其他应该没什么不便,不带屏用手机的话不能接电话为了信号应该要关网络的而且就算不关插着遥控器也不好接电话其他应该没什么不便
怕没信号回不来或者掉海里山里,是的。我就是之前想入无人机但觉得太复杂还在观望的，这款NEO让人心动啊，唯一的问题是自然风光能不能拍，怕没信号回不来或者掉海里山里
介绍说没电没信号自动回来,介绍说没电没信号自动回来
没有gps信号只会随风飘不会失控,就是gps诱骗装置，给你无人机发送虚假gps坐标，你的无人机飞控就会介入，导致不受控制，掉高坠机之类的乱飞，没有gps信号只会随风飘不会失控，你这很明显是被gps诱骗了
东西还行吧就是gps摔坏了没有gnss信号不能返航了,东西还行吧就是gps摔坏了没有gnss信号不能返航了
没注意gps信号弱,无人机新手，眼镜飞行体验非常好，更多是冲着眼镜买的，易上手，操作难度低，有护框炸机概率明显降低，很适合新手入门。操作难易：体感手柄操作逻辑很容易上手，操作简单，室内也可以轻松控制。m档目前还没有，复杂动作还是需要另配遥控器。稳定性：空旷区域图传稳定，暂时还没试过遮挡情形。搜星需要一定时间，gps信号稳定前容易偏移。其他特色：第一次小区试飞是阴天，没注意gps信号弱，起飞后风大明显偏移，直接吹偏撞到高楼外墙后掉到十几层楼高度人家阳台外面小平台，好在反乌龟功能给力，抢救成功，要不就只能提控回家了。切身体会：1 抗风能力偏弱，gps信号稳定前谨慎飞行；2 反乌龟+机身护框对新手非常友好，极大降低炸鸡概率； 3 复杂环境下建议另外多个人观察，戴眼镜无法观察到飞机位置，出现偏移容易炸鸡。
你不设置当然有撞树枝的可能啦而且信号断之前就是没有预警的啊这个可能就是你操作不当,是你自动返航的高度没设置好，正常飞行前都要根据最高障碍物的高度来设置的啊，你不设置当然有撞树枝的可能啦而且信号断之前就是没有预警的啊这个可能就是你操作不当
突然信号断了,我的大疆在去年踏勘时候返回途中还剩百分之二十电量，突然信号断了，然后就没然后了
突然信号断了,一样也是飞着飞着突然信号断了，写得的可以飞十公里但是我飞300米就断了，然后就连不回来了，飞机也没飞回来。找他们售后也是一直甩锅。你要是有新进展了艾特我一下
图传撞断电了信号被遮蔽,图传撞断电了信号被遮蔽，凭什么怪厂家
断信号周围环境如何?,断信号周围环境如何?自动返航设置返航高度是多少?
环境复杂容易断信号,返回能碰到树枝，你这自动返航高度设置有点低啊，飞得低，环境复杂容易断信号，跟距离没关系。
外电话铃响就断信号断显示（,我的大疆御2，以手机显示。外电话铃响就断信号断显示（以前没有的，近两年才出现）。大疆有时会出现奇秒的故障。
很容易断信号,我也觉得mini3pro的避障存在问题。我悬停在大概一米的高度，回头跟人讲了句话，没有碰摇杆。它自己撞旁边的车上去掉下来了。还有就是信号确实很差  很容易断信号
一样也是飞着飞着突然信号断了,一样也是飞着飞着突然信号断了，写得的可以飞十公里但是我飞300米就断了，然后就连不回来了，飞机也没飞回来。找他们售后也是一直甩锅。你要是有新进展了艾特我一下
电池与飞机通讯中断了,电池与飞机通讯中断了。
模拟卫星给你发射错误信号,gps诱骗了，模拟卫星给你发射错误信号
解决室内GPS信号差甚至无信号切换到近场低延迟图传,有没有可能大疆和华为星闪做个合作？解决室内GPS信号差甚至无信号切换到近场低延迟图传？
说不上好不好体验感极差.飞了几百米就卡顿无信号模糊不清,说不上好不好体验感极差.飞了几百米就卡顿无信号模糊不清
这个信号太差了吧,这个信号太差了吧，感觉一公里就没图了…
16号下午飞着提示天线弱信号差 ,垃圾虚假宣传 宣传续航18分钟只有一半 宣传能飞十公里图传三公里都飞不了 信号传输还差  16号下午飞着提示天线弱信号差 要返航直接断联丢了 当时找京东回复找大疆大疆只愿意5折赔 明显的机器质量问题产品不成熟推脱责任不承担 大疆回复说什么城市飞行有遮挡是正常 不愿意赔 四百米不到的距离信号都不好 大疆也可以直接倒闭了  还说什么考虑到客户体验可以五折赔付 垃圾 就是垃圾做工质量：极差 存在很大缺陷
在信号不好的时候飞机会自己漂开,去实体店试了！新手用摇杆没有想象中的那么灵敏，在信号不好的时候飞机会自己漂开，如果晕3D的话不建议玩，带上眼镜飞起来以后会有明显的晕眩感。最重要的是眼镜，很多电影会有版权保护不支持投屏，实际投放1080p的视频到眼镜上画质会有明显下降！屈光度调节实际使用存疑，因为我眼睛没有散光但是看视频的时候还是觉得很不舒适。建议观望一下，目测会降价。
然后提示信号不好,我的御3pro，才飞了600米，飞高50多米，在江上拍大桥。然后提示信号不好，就断联了。后来显示最终位置在桥下的岛上。重启遥控器后，又显示最终位置在江边隔着一条马路的酒店天台上。酒店工作人员很配合的到处找了一圈，也没能找到尸体。断联后，是自动返航，居然飞到不是飞过去时的轨迹上的酒店。但是客服完全不有效沟通，不能明确给出合理解释的情况下，先是扯皮说我们把限高设置成了100米（实际是500）。然后就是不管我们怎么说明情况，都继续说自己官方那套，说责任就是在我们。大疆能做大做强，变成中国的骄傲，我们开始能用这个产品，也是非常自豪的，结果现在非常失望。
4G模块放上面4G信号不好,4G信号发射塔向着地面发射的，4G模块放上面4G信号不好，GPS也不好。吊在飞机下面，才是4G，GPS两不误
但是信号不好,御pro也可以，但是信号不好
信号不好掉下来砸到人或或者车都要出事故,城市里就不该飞那么高，信号不好掉下来砸到人或或者车都要出事故，郊区可以放开一些
信号不好的时候基本就不会继续飞了,"哎好吧，向你道个歉，主要是觉得报备麻烦的很，而且我虽然飞120米以上但是我基本在信号良好的条件下飞，信号不好的时候基本就不会继续飞了，我喜欢在2,300多米俯瞰城市，还想着带飞机去不同城市转转，这个规定一出来对于我这种觉得报备麻烦的人可能就是挺难受的"
楼跟楼直接影响信号不好了,市区飞距离有限，楼跟楼直接影响信号不好了。算你过去无人机早被路人甲捡走了。
信号不好,去实体店试了！新手用摇杆没有想象中的那么灵敏，在信号不好的时候飞机会自己漂开，如果晕3D的话不建议玩，带上眼镜飞起来以后会有明显的晕眩感。最重要的是眼镜，很多电影会有版权保护不支持投屏，实际投放1080p的视频到眼镜上画质会有明显下降！屈光度调节实际使用存疑，因为我眼睛没有散光但是看视频的时候还是觉得很不舒适。建议观望一下，目测会降价。
信号不好,我的御3pro，才飞了600米，飞高50多米，在江上拍大桥。然后提示信号不好，就断联了。后来显示最终位置在桥下的岛上。重启遥控器后，又显示最终位置在江边隔着一条马路的酒店天台上。酒店工作人员很配合的到处找了一圈，也没能找到尸体。断联后，是自动返航，居然飞到不是飞过去时的轨迹上的酒店。但是客服完全不有效沟通，不能明确给出合理解释的情况下，先是扯皮说我们把限高设置成了100米（实际是500）。然后就是不管我们怎么说明情况，都继续说自己官方那套，说责任就是在我们。大疆能做大做强，变成中国的骄傲，我们开始能用这个产品，也是非常自豪的，结果现在非常失望。
信号不好,4G信号发射塔向着地面发射的，4G模块放上面4G信号不好，GPS也不好。吊在飞机下面，才是4G，GPS两不误
信号不好,御pro也可以，但是信号不好
信号不好,城市里就不该飞那么高，信号不好掉下来砸到人或或者车都要出事故，郊区可以放开一些
信号不好,室内飞GPS信号不好容易不能自稳的，还是有些危险的。很容易炸鸡
信号不好,"哎好吧，向你道个歉，主要是觉得报备麻烦的很，而且我虽然飞120米以上但是我基本在信号良好的条件下飞，信号不好的时候基本就不会继续飞了，我喜欢在2,300多米俯瞰城市，还想着带飞机去不同城市转转，这个规定一出来对于我这种觉得报备麻烦的人可能就是挺难受的"
信号不好,市区飞距离有限，楼跟楼直接影响信号不好了。算你过去无人机早被路人甲捡走了。
信号不好,信号不好，阴天信号弱，大疆的信号在卫星上俺家买两台大疆了挺好的
信号不好,我在保修期内，寄去检测模块信号不好问题，大疆售后说人为的不质保，自费修，然后我没修，寄回来直接把我避障没了，云台跳镜头，所以大疆售后大家别期待了
信号不好,还是不错的，操作简单，就是时间长了头晕想吐，需要适应一下才行，速度可以，室外型号好就好用，室内信号不好的话飞不远，还是要在开阔的地方玩才行
信号不好,我是无人机小白，其实一直想买一款无人机过一过瘾。众多机型里面，我觉得这一款从安全角度上讲应该算是最安全的。毕竟有桨叶那个保护一圈。这两天试飞了一下，还没有完全掌握，但是很爽。不过吃不准，什么情况下信号好，什么时候信号不好。在家里飞来飞去，简直酷毙了。大夏天我坐在家里，从自家阳台飞出去兜一圈再回来。哈哈哈。价格这个东西嘛，成年人的玩具哪有便宜的？买了两年的大疆随心飞。，当然不希望闸机万一出现了这种情况也有个保障。还得自己去买一个充电头，否则正常的华为手机充电器是慢的不得了。
信号不好,首飞飞丢两次，一次是没电，一次是信号不好，但是都自己能飞回去，很好。
信号不好,大疆DJI Mavic 3 Pro 畅飞套装（DJI RC PRO）御3三摄旗舰航拍机真的太香了！😍不仅性能强大，外观也是一级棒。飞行起来非常稳定、顺畅，还有哈苏相机的加持让我可以拍出更专业的大片。图传效果更是一流，再也不用担心信号不好或者掉线啦~而且价格实惠，性价比超高哦。
信号不好,大疆DJI Mavic 3 Pro 畅飞套装（DJI RC PRO）御3三摄旗舰航拍机真的太香了！😍不仅性能强大，外观也是一级棒。飞行起来非常稳定、顺畅，还有哈苏相机的加持让我可以拍出更专业的大片。图传效果更是一流，再也不用担心信号不好或者掉线啦~而且价格实惠，性价比超高哦
信号不好,飞机很好就遥控器的信号不好老被干扰都让人无语买什么遥控也不要小白控还卡图专
信号不好,这是为数不多非常糟糕的购物体验，首先收到飞机试飞的时候就发现图传有问题，画面丢失等问题在于客服联系说我这城市里信号不好正常，但是后续多次发现问题联系大疆售后线上检查结果是硬件有问题，后续换新发过来的明显不是新的。
信号不好,图传信号不好，几十米就没信号了。不推荐各位买
信号不好,是这样的，我的飞机在南浔古镇飞一个石桥底，竟然自己失控侧飞撞桥墩掉水里，后来捡回来找大疆，他们说这是因为桥底有信号干扰，我当时没想清楚就给了2000多的维修费，后来认真想一下，当时根本没失联，也不可能信号弱，那个是水乡里面的小石桥，而且离我只有几米，再者，信号不好应该几十秒后自动爬升高度返航而不可能是侧飞，还有，我的飞机型号是有避障功能的，不应该直接撞桥墩，现在我非常后悔自己给钱去修，而且还修了两次，刚刚拿到飞机试飞还很容易失联，很无语
信号不好,你都买了mini 3 Pro嫌弃信号不好那就算4g模块啊，嫌弃大疆就去买道通哈博森，何况保险也不知道买一个
信号不好,御三Pro抗风能力不可能差，都能顶小台风了。我自己在大风海边飞的时候都感觉稳得一批。图传这个大概率就是周围遮挡物太多我之前在山里植被太繁茂，被提示rc信号不好。大雾天我也飞过，不是御三是air2。安全飞回。看下面小地图就行。实在不行返回图中没遮挡情况下，一键返航。至于售后……直接找线下网点是最好的
市区楼跟楼信号越来越不好,这个人在市区飞信号容易掉了，被迫下降分分钟钟被人家捡走了。市区楼跟楼信号越来越不好，怪自己
寄去检测模块信号不好问题,我在保修期内，寄去检测模块信号不好问题，大疆售后说人为的不质保，自费修，然后我没修，寄回来直接把我避障没了，云台跳镜头，所以大疆售后大家别期待了
室内信号不好的话飞不远,还是不错的，操作简单，就是时间长了头晕想吐，需要适应一下才行，速度可以，室外型号好就好用，室内信号不好的话飞不远，还是要在开阔的地方玩才行
什么时候信号不好,我是无人机小白，其实一直想买一款无人机过一过瘾。众多机型里面，我觉得这一款从安全角度上讲应该算是最安全的。毕竟有桨叶那个保护一圈。这两天试飞了一下，还没有完全掌握，但是很爽。不过吃不准，什么情况下信号好，什么时候信号不好。在家里飞来飞去，简直酷毙了。大夏天我坐在家里，从自家阳台飞出去兜一圈再回来。哈哈哈。价格这个东西嘛，成年人的玩具哪有便宜的？买了两年的大疆随心飞。，当然不希望闸机万一出现了这种情况也有个保障。还得自己去买一个充电头，否则正常的华为手机充电器是慢的不得了。
一次是信号不好,首飞飞丢两次，一次是没电，一次是信号不好，但是都自己能飞回去，很好。
再远信号就不好了,很不错。沉浸飞翔体验，实在是一个很大的进步。头戴显示器可以调节度数，对于近视的人来说，太方便了，同时，显示器还能够用于播放其他的视频，赞。在有风的情况下，电池一般能撑十分钟左右，遥控距离，我在城市里边飞，最远大概也就是1.8到2公里，再远信号就不好了，这个相对来说不是太理想。视频导入到电脑或者手机确实是不太方便，需要在飞机上那个插口那里接线，而这个插孔的位置设计太反人类了，太不方便了，完全应该可以通过APP实现视频的转移和管理，希望后续改进
再也不用担心信号不好或者掉线啦~,大疆DJI Mavic 3 Pro 畅飞套装（DJI RC PRO）御3三摄旗舰航拍机真的太香了！😍不仅性能强大，外观也是一级棒。飞行起来非常稳定、顺畅，还有哈苏相机的加持让我可以拍出更专业的大片。图传效果更是一流，再也不用担心信号不好或者掉线啦~而且价格实惠，性价比超高哦。
再也不用担心信号不好或者掉线啦~,大疆DJI Mavic 3 Pro 畅飞套装（DJI RC PRO）御3三摄旗舰航拍机真的太香了！😍不仅性能强大，外观也是一级棒。飞行起来非常稳定、顺畅，还有哈苏相机的加持让我可以拍出更专业的大片。图传效果更是一流，再也不用担心信号不好或者掉线啦~而且价格实惠，性价比超高哦
信号也不好,还行吧，花四五千买mini4，air3有点舍不得，两千多块钱玩玩可以了，除了智能跟随等等功能没有，一件短片，无损竖拍，非常实用，比较喜欢拍老家，城市没啥好拍的，信号也不好
四百米不到的距离信号都不好 ,垃圾虚假宣传 宣传续航18分钟只有一半 宣传能飞十公里图传三公里都飞不了 信号传输还差  16号下午飞着提示天线弱信号差 要返航直接断联丢了 当时找京东回复找大疆大疆只愿意5折赔 明显的机器质量问题产品不成熟推脱责任不承担 大疆回复说什么城市飞行有遮挡是正常 不愿意赔 四百米不到的距离信号都不好 大疆也可以直接倒闭了  还说什么考虑到客户体验可以五折赔付 垃圾 就是垃圾做工质量：极差 存在很大缺陷
信号稍微不好就自动导航,刚买的无人机，信号稍微不好就自动导航，关键还撞房子。气人比，也就140米距离。
图传信号不好,图传信号不好，几十米就没信号了。不推荐各位买
信号不好应该几十秒后自动爬升高度返航而不可能是侧飞,是这样的，我的飞机在南浔古镇飞一个石桥底，竟然自己失控侧飞撞桥墩掉水里，后来捡回来找大疆，他们说这是因为桥底有信号干扰，我当时没想清楚就给了2000多的维修费，后来认真想一下，当时根本没失联，也不可能信号弱，那个是水乡里面的小石桥，而且离我只有几米，再者，信号不好应该几十秒后自动爬升高度返航而不可能是侧飞，还有，我的飞机型号是有避障功能的，不应该直接撞桥墩，现在我非常后悔自己给钱去修，而且还修了两次，刚刚拿到飞机试飞还很容易失联，很无语
Pro嫌弃信号不好那就算4g模块啊,你都买了mini 3 Pro嫌弃信号不好那就算4g模块啊，嫌弃大疆就去买道通哈博森，何况保险也不知道买一个
被提示rc信号不好,御三Pro抗风能力不可能差，都能顶小台风了。我自己在大风海边飞的时候都感觉稳得一批。图传这个大概率就是周围遮挡物太多我之前在山里植被太繁茂，被提示rc信号不好。大雾天我也飞过，不是御三是air2。安全飞回。看下面小地图就行。实在不行返回图中没遮挡情况下，一键返航。至于售后……直接找线下网点是最好的
我的M2P起飞离地五米就信号干扰严重了,作为一个九年老飞手看着大疆的民用化飞行器越做越好确实很开心，但是其实还是挺希望dji能把mini的价格再往上提一点的=.=现在飞机越来越便宜完全不会飞的直接上手玩的就越来越多，出事的概率也就直线上升。之前在新疆拍“八卦城”的时候就遇到了接近要出事的情况，城市的中央广场上方有至少十架飞机，我的M2P起飞离地五米就信号干扰严重了，而且大多数其他飞机看体型都是air系mini系的，实在是太危险了，要么国家再严管要么大疆提点价格限制用户量
水库信号稍有干扰但是可以飞,哥们儿你玩无人机么？北京有什么景点涉及军区了？无人机基本出了5环就可以起了。水库信号稍有干扰但是可以飞，比如怀柔水库密云水库。故宫neo这玩意你飞一个我看看，我估计按你的不是保安，是警察。目前neo可以卡bug不连遥控手机，但就这个受众群体，要么强化禁飞要么修。这东西的动力抗风和镜头，你高空起来能拍啥能用的。你要就图禁飞不如买哈博森，好歹飞高画面能用。
也有车好像是被信号干扰了他就失控了,我也刚买了一个无人机大疆飞的天空有点高左边是马路，也有车好像是被信号干扰了他就失控了，下也下不来他就想往车那边飞就准备到处乱窜
高压线对信号有干扰,高压线对信号有干扰
被信号干扰了,我也刚买了一个无人机大疆飞的天空有点高左边是马路，也有车好像是被信号干扰了他就失控了，下也下不来他就想往车那边飞就准备到处乱窜
被信号干扰了,活该，黑飞，被信号干扰了
城市飞行需要考虑很多因素比如信号塔密集的地方会干扰、,夜间飞行本身就有很多不确定。城市飞行需要考虑很多因素比如信号塔密集的地方会干扰、比如禁飞区也会干扰、晚间是不是提示某些方向避障系统关闭了。因为你自己原因导致的炸机你就自己负责任，不是谁发个抖音谁就有理
有信号干扰会这样,有信号干扰会这样
军区信号干扰,军区信号干扰
信号干扰了,我也刚买了一个无人机大疆飞的天空有点高左边是马路，也有车好像是被信号干扰了他就失控了，下也下不来他就想往车那边飞就准备到处乱窜
信号干扰了,活该，黑飞，被信号干扰了
信号干扰了,信号干扰了
4G信号不能被随意干扰的,没试过，但我感觉有4G肯定比没有强，起码不用担心随时会断图传。再者，4G应该会有辅助定位的功能，就是不知道在GPS受到严重干扰时，4G有多少定位的作用。但是有一点是肯定的，4G信号不能被随意干扰的。
市区信号干扰多,市区信号干扰多，而且楼体遮挡也有影响。双丢后，如果返航高度过低，很容易返航途中撞楼炸鸡
就是在市区容易受信号干扰,真实很惊艳，玩起来爱不释手，做工很好，没有瑕疵。送了机翼保护罩，很好，不容易损坏。就是在市区容易受信号干扰，飞不了多远。看以后带到宽阔的地方会不会好些。很满意。
在无信号干扰宽广的场地飞个几公里的话,收到Air3并使用了一段时间来客观评价一下，飞行器做工细致，仔细检查机器全新，没有发现问题，且携带也还方便！科普相关教程后，开始飞行，操作上很精准、便捷，只要谨慎、保守些飞行，大概率可以避免发生的安全问题，高空的飞行视觉确实很大气、广阔的，视觉感很强，在无信号干扰宽广的场地飞个几公里的话，应该不会丢失信号的，综合体验下来觉得是一款不错的产品，下面就个人来说，觉得不足的地方，此机型拍摄的画质表现还是有些差强人意，和使用的A1全画幅对比不论是视频还是图片都有非常大的差距，看惯了高画质表现，觉得这个机器拍摄的色彩层次感、画面的纯净度，清晰度等达不到自己期待的理想效果，同样都是4K60P的视频和图片，差距还是明显的，考虑到飞行器的传感器较小等问题，这些都能接受的，Air3让我也体验到了飞行的快乐感，总之这款产品达到了大疆预期市场的目的，产品中规中矩的表现满足了大部分飞友的需求和目的！
一直显示长约遥感信号受到干扰,为什么穿越机都没有避障功能，一直显示长约遥感信号受到干扰，电池飞行时间太短了。操控确实很棒，比较喜欢。
就是飞不远了信号经常有干扰,很好上手，操控方便，拍出来的照片和视频很惊艳。就是飞不远了信号经常有干扰。大疆售后非常好，维修更换及时，流程清晰，用的放心。
他们说这是因为桥底有信号干扰,是这样的，我的飞机在南浔古镇飞一个石桥底，竟然自己失控侧飞撞桥墩掉水里，后来捡回来找大疆，他们说这是因为桥底有信号干扰，我当时没想清楚就给了2000多的维修费，后来认真想一下，当时根本没失联，也不可能信号弱，那个是水乡里面的小石桥，而且离我只有几米，再者，信号不好应该几十秒后自动爬升高度返航而不可能是侧飞，还有，我的飞机型号是有避障功能的，不应该直接撞桥墩，现在我非常后悔自己给钱去修，而且还修了两次，刚刚拿到飞机试飞还很容易失联，很无语
造成信号干扰,一般来说出现无人机失联就几种情况:   1、无人机与遥控器中间隔了多道墙体阻隔信号；2、无人机与遥控器距离太远；3、当地有信号屏蔽器，造成信号干扰。     至于壁障问题，要看是不是附近有透明玻璃或者水面，目前视觉避障对这两种识别效果不明显，我也经常遇到附近是玻璃墙体导致炸机
比如有信号干扰,信号问题的外界因素有很多，比如有信号干扰，物体遮挡都会造成信号失联，新手适合飞高，反而安全，遥控器与飞机也不能有物体遮挡
建议你不要飞去信号干扰强的城市环境,我之前也炸鸡了。建议你不要飞去信号干扰强的城市环境，买个4g模块吧
都有信号干扰,你在成都哪里飞的？成都几乎全市都是禁飞区特别还有几个高机密禁飞区，都有信号干扰。
确实有时候会无征兆信号干扰,确实有时候会无征兆信号干扰，但是不至于丢失，抗风能力很强，除了大风天气拍延时以外会有点不好！体积大点以外都还蛮好的！
说是GPS信号弱导致无法定位,我的avata第一次飞室内就炸了，说是GPS信号弱导致无法定位
然后卫星瞬间掉二十多然后信号弱,我也是，那时候我在500米高拍延时，然后卫星瞬间掉二十多然后信号弱，直接姿态模式，云台歪了，过了几秒他在天上自己飘了一段距离，然后又恢复正常了，这个好像是大疆Air3的通病
阴天信号弱,信号不好，阴天信号弱，大疆的信号在卫星上俺家买两台大疆了挺好的
通讯信号弱吧?,通讯信号弱吧?
我的御2起飞就提示摇控器信号弱和图传信号弱,我的御2起飞就提示摇控器信号弱和图传信号弱，到底是摇控器的问题还是无人机的问题？
就是信号隔几栋房子的话会比较弱,一分钱一分货吧，这个价位的大疆懂的都懂，砍了一些东西，增加了一个4K，总体是满意的，本打算买来做小孩儿童节礼物的，520那天抢的好快，选配置没选完就无了，531那天也很不容易才买到了，预约的时候没选SD卡，后面干脆170买了个256G的，用下来还是可以的，就是信号隔几栋房子的话会比较弱，app里面的禁飞区域和UOM上是不同的，稍微擦点边就会有提示。
就是信号确实弱了点,物流一如既往的快，大疆的东西不用多言，飞控没话说，就是信号确实弱了点，眼镜对近视眼比较友好
飞个一公里左右就提示信号弱,大疆无人机确实厉害。只是现在只能限高120。一个山头都飞不过去。飞个一公里左右就提示信号弱。充电几小时，飞行十分钟。飞行眼镜容易发烫。
飞机飞行时对于暗光环境且gps信号弱时容易失控,操控方面比想象中要有难度，需要一个过程去适应。摄像头画质相对一般，飞机飞行时对于暗光环境且gps信号弱时容易失控，飞行眼镜3没有扬声器
不知道为何第一次飞信号这么弱,今天上午收到，下午试飞，还特意选择了空旷的公司大院，飞到隔壁的公园，总体不错。但是发到500米远左右后信号失联，后高空撞到宝塔上面摔了下来，机器坏了，心痛死了。第一时间联系客服，申请随心换，付了300多。后来联系客服，说在保修期内，帮我取消了随心换，预约寄回维修，不过说真的，大疆的客服的确好，明天我寄回机器与电池，的确不是**作问题，不知道为何第一次飞信号这么弱，飞行前还检查了GPS信号，期待给我的售后跟上
信号这么弱,今天上午收到，下午试飞，还特意选择了空旷的公司大院，飞到隔壁的公园，总体不错。但是发到500米远左右后信号失联，后高空撞到宝塔上面摔了下来，机器坏了，心痛死了。第一时间联系客服，申请随心换，付了300多。后来联系客服，说在保修期内，帮我取消了随心换，预约寄回维修，不过说真的，大疆的客服的确好，明天我寄回机器与电池，的确不是**作问题，不知道为何第一次飞信号这么弱，飞行前还检查了GPS信号，期待给我的售后跟上
信号这么弱,山区飞出两公里没有信号，光学镜头切换卡顿，续航号称43分钟，实际23分钟，花架子，真的该听团长的买道通。你这个飞机装的是手机蓝牙吧，信号这么弱
信号弱的情况下悬停有点飘,大疆mini3无人机，操控还可以，信号弱的情况下悬停有点飘，图像很清晰，客服态度挺好，很快给你解决，飞行速度还可以，电机升降的声音多少有点大，充电速度挺快，旅行携带方便，就是重量有点轻，其它还是可以的。
也不可能信号弱,是这样的，我的飞机在南浔古镇飞一个石桥底，竟然自己失控侧飞撞桥墩掉水里，后来捡回来找大疆，他们说这是因为桥底有信号干扰，我当时没想清楚就给了2000多的维修费，后来认真想一下，当时根本没失联，也不可能信号弱，那个是水乡里面的小石桥，而且离我只有几米，再者，信号不好应该几十秒后自动爬升高度返航而不可能是侧飞，还有，我的飞机型号是有避障功能的，不应该直接撞桥墩，现在我非常后悔自己给钱去修，而且还修了两次，刚刚拿到飞机试飞还很容易失联，很无语
大疆一口咬定是GPS信号弱的问题,官方有回复解决吗？ 我的机子也是第一次GPS信号问题飞丢，后来花了1500又随心换购了一架，结果换来的激活第一天因为飞机过烫发热无法起飞，两天后再次尝试飞行，飞到一半自己掉下来，大疆一口咬定是GPS信号弱的问题，是人为造成的，不给保修，我就想问市区导航没问题，地方也开阔，别人的无人机飞的好好的，为什么就我的无人机信号问题？GPS信号弱这是人为的？电话连续沟通了好几天，人家就是统一口径、机器人口吻，这售后差到极点了，我会投诉到底的，真的就是为了这口气
大疆一口咬定是GPS信号弱的问题,我的机子是第一次GPS信号问题飞丢，后来花了1500又随心换购了一架，结果换来的激活第一天因为飞机过烫发热无法起飞，两天后再次尝试飞行，飞到一半自己掉下来，大疆一口咬定是GPS信号弱的问题，是人为造成的，不给保修，我就想问市区导航没问题，地方也开阔，别人的无人机飞的好好的，为什么就我的无人机信号问题？GPS信号弱这是人为的？电话连续沟通了好几天，人家就是统一口径、机器人口吻，这售后差到极点了，我会投诉到底的，真的就是为了这口气
GPS信号弱这是人为的,官方有回复解决吗？ 我的机子也是第一次GPS信号问题飞丢，后来花了1500又随心换购了一架，结果换来的激活第一天因为飞机过烫发热无法起飞，两天后再次尝试飞行，飞到一半自己掉下来，大疆一口咬定是GPS信号弱的问题，是人为造成的，不给保修，我就想问市区导航没问题，地方也开阔，别人的无人机飞的好好的，为什么就我的无人机信号问题？GPS信号弱这是人为的？电话连续沟通了好几天，人家就是统一口径、机器人口吻，这售后差到极点了，我会投诉到底的，真的就是为了这口气
GPS信号弱这是人为的,我的机子是第一次GPS信号问题飞丢，后来花了1500又随心换购了一架，结果换来的激活第一天因为飞机过烫发热无法起飞，两天后再次尝试飞行，飞到一半自己掉下来，大疆一口咬定是GPS信号弱的问题，是人为造成的，不给保修，我就想问市区导航没问题，地方也开阔，别人的无人机飞的好好的，为什么就我的无人机信号问题？GPS信号弱这是人为的？电话连续沟通了好几天，人家就是统一口径、机器人口吻，这售后差到极点了，我会投诉到底的，真的就是为了这口气
6.GPS信号弱,1.4k画质糊，插值运算生成的，虚标 2.续航时间虚标，18分钟，实际使用在13-15分钟 3.最大飞行速度虚标，实际达不到 4.图传距离虚标，标称10公里，实际很多人不到1公里就丢图传 5.暗光定位不行，视觉定位硬件偷工减料，导致傍晚和室内飞行容易进入姿态模式炸机 6.GPS信号弱，容易飞丢 7.跟随稳定性差，容易飞丢
6.GPS信号弱,经过我的测试和总结网络上大家分享，问题如下: 1.4k画质糊，插值运算生成的，虚标 2.续航时间虚标，18分钟，实际使用在13-15分钟 3.最大飞行速度虚标，实际达不到 4.图传距离虚标，标称10公里，实际很多人不到1公里就丢图传 5.暗光定位不行，视觉定位硬件偷工减料，导致傍晚和室内飞行容易进入姿态模式炸机 6.GPS信号弱，容易飞丢 7.跟随稳定性差，容易炸机 8.图传距离对于十分钟续航的neo来说，并没多大用，几乎没什么人实际使用的时候，飞的超过一公里 9.套装不送快充充电器和包，需要单独购买 10.稍微有点风姿态就不稳，就是一键放生 11.视频画质过曝严重。
6.GPS信号弱,给你补充: 1.4k画质糊，插值运算生成的，虚标 2.续航时间虚标，18分钟，实际使用在13-15分钟 3.最大飞行速度虚标，实际达不到 4.图传距离虚标，标称10公里，实际很多人不到1公里就丢图传 5.暗光定位不行，视觉定位硬件偷工减料，导致傍晚和室内飞行容易进入姿态模式炸机 6.GPS信号弱，容易飞丢 7.跟随稳定性差，容易炸机
6.GPS信号弱,1.4k画质糊，插值运算生成的，虚标 2.续航时间虚标，18分钟，实际使用在13-15分钟 3.最大飞行速度虚标，实际达不到 4.图传距离虚标，标称10公里，实际很多人不到1公里就丢图传 5.暗光定位不行，视觉定位硬件偷工减料，导致傍晚和室内飞行容易进入姿态模式炸机 6.GPS信号弱，容易飞丢 7.跟随稳定性差，容易炸机
公里信号就会快速衰减稳定性,操作难易：操作简单，容易上手，大疆的飞控系统一如既往的好用，非常稳定灵敏度：实测在城市超过2公里信号就会快速衰减稳定性：四五级风左右，加上镜头云台的加持还算比较稳定做工质量：不知道耐不耐摔🤣🤣
一般在1.2公里后就会出现信号衰减,操作难易：操作比较简单，熟悉一下就可以熟练操作灵敏度：灵敏度很好，遥控器摇杆阻尼设定很好。机身机动性一般，不是太灵活（速度略慢）稳定性：图传是O2，传输距离、稳定性还凑合。市区限高区最远能达到2公里（楼顶起飞），一般在1.2公里后就会出现信号衰减，然后断断续续的趋向稳定。可能跟周边的高层建筑有关，楼体对信号影响极大。飞行稳定性跟风力大小、楼体风口风量有关。另外转向后悬停静止，机身位置会小范围偏移做工质量：做工质量：实物给人感觉不太值这个价，做工质量还不错。没有太大的做工问题。外形外观：外形外观：外观比较耐看、小巧 ，折叠携带很方便其他特色：拍照清晰度跟2K-3K价位的手机类似，录像效果强于拍照效果。另外变焦（2倍数码）能力太差了，基本等于没有。没有前后左右上避障，飞行前一定要熟悉周边环境。注意树枝、电线、风筝线、漂浮塑料袋等物体。在飞行过程中整体散热性能还不错。就是手机快传的时候由于处于无风静止状态，传输时间过长容易出现机体过热警报。另外对内存卡的读写速度有一定要求，尽量用无人机、行车记录仪、健康专用的高读写速度的卡。
空旷地飞了两公里左右信号开始衰减剩两格,操控性强，悬停稳定，电池也不错啊，普通电池至少30分钟，三块电池足够，摄像头非常清晰，无人机还得是大疆！空旷地飞了两公里左右信号开始衰减剩两格，不敢在飞远返航了！
信号有一点衰减迹象应该有意识,信号中断很正常，突然隔墙就会这样，或者就是你自己没看右上角的状态栏，信号有一点衰减迹象应该有意识。不过这不是主要的，最重要的是你返航设置的问题，返航高度应设置成高于周围一切障碍物的数值（在离自己50m以上才会启动先上升再返航的程序），多半没好好看说明书
且飞且珍惜图传隔着楼信号就骤降,500米，且飞且珍惜图传隔着楼信号就骤降
图传低飞有遮挡物300,买了。图传低飞有遮挡物300-400米左右失联。飞高图传还可以。
七天只有一次因为障碍物遮挡丢失图传,我是在丢掉了Air2s后第五天就买了Air3的，看了网上很多人说这代不值得买，但值不值得只有用了才知道，出去旅行一周，我的air3基本就是拍照主力，长焦利用率也极高，画质表现我觉得也完全可以，最关键的是续航真的舒服，也可以直接用车载充电器给无人机和充电盒充电，比起以前是方便了不少，O4图传也比较靠谱，七天只有一次因为障碍物遮挡丢失图传，出片率还是相当可以的。
就是飞远了有遮挡物会丢失图传稳定性,操作难易：很简单，容易上手。灵敏度：稳定无延迟，就是飞远了有遮挡物会丢失图传稳定性：稳的一批做工质量：质量很好，外形外观：帅气
图传这个大概率就是周围遮挡物太多我之前在山里植被太繁茂,御三Pro抗风能力不可能差，都能顶小台风了。我自己在大风海边飞的时候都感觉稳得一批。图传这个大概率就是周围遮挡物太多我之前在山里植被太繁茂，被提示rc信号不好。大雾天我也飞过，不是御三是air2。安全飞回。看下面小地图就行。实在不行返回图中没遮挡情况下，一键返航。至于售后……直接找线下网点是最好的
眼镜图传延迟也感觉不出来,三代鸡腿控上手很简单稍微练一练就可以做一下简单的机动了，眼镜图传延迟也感觉不出来，大疆飞控依旧靠谱风大了还会在眼镜上提示风速过大，哪怕飞机很抖拍出来的画面一点也不受影响，可惜眼镜不能像二代了一样当ar眼镜用了希望下一代把这个功能加回来
更快的速度和全新的图传操作起来延迟很低,这算是迄今为止最快最满意的购物了，原本习惯了4天的快递，8月28半夜下单8月30中午就到了，9月1号试飞都说主摄就是mini3pro的摄像头，但是算法绝对比mini3pro强太多了，早上拍雾Air3轻松应对，小mini就有点力不从心，加上O4图传确实有提升，全向避障真是保护了我这种手残党，开普通档飞也不怕炸机了，抗风性也是非常不错，加上是内置4g模块和内置套餐，不用占用电话卡了，也不用外挂还得拖个数据线了操作难易：上手真的容易，学习成本低灵敏度：更快的速度和全新的图传操作起来延迟很低，而且升级1080p60帧画质看起来更丝滑流畅稳定性：真的是稳如老狗，没得说做工质量：质量杠杠的，这点没的说其他特色：上面说的内置模块算不算(手动滑稽🤪)
同时全网搜索范围内只有大疆的无人机才有图传超出延迟的功能,1. 外观设计方面，机身采用了传统的铝合金框架结构，表面覆盖了一层类似橡胶的材质，手感舒适且不易滑落。全黑色搭配白色标志的设计简约而实用，尺寸和重量相对较小，携带方便，适合户外活动。2. 性能方面，飞行速度、飞行时间、飞行距离和抗风能力表现优秀。最大水平飞行速度为16米/秒，最大垂直飞行速度为5米/秒，最长续航时间为31分钟，最远图传距离为4公里，最大抗风等级为5级。3. 操作体验方面，遥控器设计简单易用，内置2600mAh电池，续航能力强。同时全网搜索范围内只有大疆的无人机才有图传超出延迟的功能，所以整体操作体验十分流畅。
图传失联是非常正常的现象,图传失联是非常正常的现象！因为有很多因素，军区，干扰区，距离过长太多因素了..自动返航一定要设置80-100的高度，这个高度内基本没有树和电线.建筑区都得设置的更高.阻挡就会失联...
除了遥控器图传有缺陷,除了遥控器图传有缺陷，其他都非常好，性价比高。如果rc2遥控也能hdmi无参数界面图传输出就好了。
图传不清楚卡顿现象,3天，产品质量有问题，图传不清楚卡顿现象，失控掉线，还不给退货，就是垃圾产品。真怀疑是不是正品稳定性：差评
图传有时候到一公里就会断开连接,像素好，防风稳，夜拍也很不错，就是有些发热，续航会随着高度和飞行模式跟着变，续航45分钟感觉够呛，图传有时候到一公里就会断开连接，还好有断联自动返航，要不就找不到了
当时还是没有图传黑屏状态）,我前两天遇到一次，电量20%，提示迫降，距离700多米，我赶紧点一键返航，同时点开右上角设置看了一下，电量低默认一键返航高度是20米，（之前自己设置的好像是80米左右），赶紧看了一下当时高度好像是100多，就留心了一下高度，手动操作高度不能低于周围建筑物高度，然后丢图传紧接就是黑屏，然后，不死心，不停地点一键返航，没有任何反映，想完了，当时都准备去找飞机了，混乱中，听到飞机的轰鸣声已经到头顶并开始下降，（当时还是没有图传黑屏状态）当时真的好险。前后过程也就是2-3分钟。
间隔个墙就断图传的垃圾玩意,没有4g模块，间隔个墙就断图传的垃圾玩意
老是断图传,我卡住了，飞机都转向了，遥控器还是卡住不动，老是断图传
有时候原地上升5米就断图传,哈博森垃圾到家，我是从黑2换成mini3p的，黑2售后售后差劲，信号信号差劲，像素像素差劲，装个模块飞个一公里就没了，有时候原地上升5米就断图传，什么都差。总之，无人机只有大疆和其他
图传丢失,图传丢失
图传丢失,我个人觉得吧，应该是图传丢失以后，无人机执行返航操作的时候撞楼炸了，只是我的个人观点哈
图传丢失,信号丢失又不是图传丢失
应该是图传丢失以后,我个人觉得吧，应该是图传丢失以后，无人机执行返航操作的时候撞楼炸了，只是我的个人观点哈
丢失图传的地方根本找不到飞机,我的大疆AIR2断GPS直接黑屏，丢失图传的地方根本找不到飞机，400米距离，50米高
有时会丢失图传,大家都说好，才是真的好。飞行操控很好，大风天也非常稳，鸡腿控制很容易上手，乐趣非常多，拍摄也很美。飞控画面信号再远一点就好了，有时会丢失图传。其他很完美，五星好评。
飞到楼后面丢失了图传,我的情况是这样的：飞到楼后面丢失了图传，触发自动返航。我设置的返航高度是90米，它在81.9米撞楼了。我问为什么没有上升到设置高度就返航，客服说可能是泰国的海拔高度不准。🤷
近拍光线黑一点就失灵因为镜头感光太差,缺点增加一条：近拍光线黑一点就失灵因为镜头感光太差
UP主的镜头起雾吗,UP主的镜头起雾吗？
其他没问题就是云台照相机镜头起雾,我也有一台，但是丢在家的拿来种草，其他没问题就是云台照相机镜头起雾
月份买的最新批次的还是会出现镜头起雾的情况,绝对不会再买你们家的产品，mini3pro出了已经一年了，我今年5月份买的最新批次的还是会出现镜头起雾的情况。而且走你们的售后换过了也没用，一样的起雾。所以你们卖出去了就不管这个设计硬伤了是吧，直接就出mini4pro来背刺老用户了是吧。再买你们家任何一款产品，我是🐶
月份买的最新批次的还是会出现镜头起雾的情况,绝对不会再买的任何产品，mini3pro出了已经一年了，我今年5月份买的最新批次的还是会出现镜头起雾的情况。而且走你们的售后换过了也没用，一样的起雾。所以你们卖出去了就不管这个设计硬伤了是吧，直接就出mini4pro来背刺老用户了是吧。再买你们家任何一款产品，我是🐶
我只想问镜头起雾解决了吗,我只想问镜头起雾解决了吗？
希望他不要有镜头起雾的情况,希望他不要有镜头起雾的情况
前几天3p镜头起雾刚送去修,前几天3p镜头起雾刚送去修，今天刚发货通知就看到了4p，6
镜头还会不会起雾,镜头还会不会起雾，这个没说
我想问问上一代镜头起雾,我想问问上一代镜头起雾，这代上设计也没有改善啊
镜头起雾,UP主的镜头起雾吗？
镜头起雾,我也有一台，但是丢在家的拿来种草，其他没问题就是云台照相机镜头起雾
镜头起雾,绝对不会再买你们家的产品，mini3pro出了已经一年了，我今年5月份买的最新批次的还是会出现镜头起雾的情况。而且走你们的售后换过了也没用，一样的起雾。所以你们卖出去了就不管这个设计硬伤了是吧，直接就出mini4pro来背刺老用户了是吧。再买你们家任何一款产品，我是🐶
镜头起雾,我只想问镜头起雾解决了吗？
镜头起雾,希望他不要有镜头起雾的情况
镜头起雾,绝对不会再买的任何产品，mini3pro出了已经一年了，我今年5月份买的最新批次的还是会出现镜头起雾的情况。而且走你们的售后换过了也没用，一样的起雾。所以你们卖出去了就不管这个设计硬伤了是吧，直接就出mini4pro来背刺老用户了是吧。再买你们家任何一款产品，我是🐶
镜头起雾,前几天3p镜头起雾刚送去修，今天刚发货通知就看到了4p，6
镜头起雾,我想问问上一代镜头起雾，这代上设计也没有改善啊
镜头起雾,你的拍得很平常，迷你3镜头起雾
镜头起雾,这个型号镜头起雾的总题一直没解决，无视问题，只管吹。打开电源后，电池烫到手摸起泡，最后短路自动关机。我一直奇怪这种产品也出来卖，完全不讲质量。
镜头起雾,镜头起雾
后来看到pro镜头容易起雾,一直犹豫要买mini3pro还是mini3，后来看到pro镜头容易起雾，想想自己是新手，先买个mini3飞飞试试。到手后发现无人机真是户外拍摄神器，特别是这些美丽的山山水水！外形外观：外形小巧，小到跟一台手机差不多，可以轻松装进外套口袋；重量是真的轻，携带还无压力做工质量：中国制造，质量高操作难易：想要玩的花，操作肯定简单不了，多学习稳定性：实测海边抗风不错，当然了那天海风不大，画面拍摄很稳定其他特色：mini3的最大强项个人认为是续航，长续航电池太能打了，低海拔飞40分钟完全不成问题
大疆mini3por镜头内部起雾,大疆mini3por镜头内部起雾，换了一台还是一样，客服和我说天气冷温差大，起飞还得挑天气，售后客服也是一个换一个的踢皮球我也是同博主一样今天踩了个狗屎运买大疆
这个型号镜头起雾的总题一直没解决,这个型号镜头起雾的总题一直没解决，无视问题，只管吹。打开电源后，电池烫到手摸起泡，最后短路自动关机。我一直奇怪这种产品也出来卖，完全不讲质量。
摄像头的线都断了,摄像头的线都断了，能修吗
发现摄像头支架断了热气流下无人机就像个杀手,我在云南温泉上飞，突然发现有热气流不对劲，大疆御不太受控制，我稍微掰了下方向键，直接像我飞过来，扇叶把手臂划出一大口子，然后撞到树上掉进温泉，立马捞出来晒干，发现摄像头支架断了热气流下无人机就像个杀手
镜头外侧还有划痕,生产日期来看，确实是卖不掉才特价的。这么大的灰，镜头外侧还有划痕，积压品也就没法计较了。造型不错，手感比较沉。没电，没有测试，不知道安全飞行无事故的记录会有多久。
刚打开就发现镜头周边有疑似鼓包现象,新款头戴还是很重，而且不像B站评测说的那么贴合，下端露很大缝隙；能连WiFi当投屏用，但这个重量和体感谁能坚持用它看剧看电影我是佩服的；品控做工一般，刚打开就发现镜头周边有疑似鼓包现象，这一点作为大疆老客户是有点意外的。总之，是台有意思的无人机，但品控做工低于预期。先简单说这些操作难易：。
切换镜头有严重卡顿,操作难易：简单易上手，提示很齐全外形外观：相较御3的双摄，3Pro三摄还是很帅的做工质量：未起飞时云台有明显滋滋异响，无风环境下3x，1x延时摄影时非正常抖动（非位置偏移）厉害稳定性：RC信号良好时图传稳定，切换镜头有严重卡顿，延时摄影结束&自动返航时在RC信号满格条件下图传出现非正常条纹其他特色：全向避障在光充足情况下工作良好，选择常规智能返航时的路线规划过于激进，有安全隐患，40分钟续航时间很耐用，可以完成更多的摄影工作
比如切换镜头卡顿问题,从17年初御pro开始，大疆已经用过6个年头了，飞过御pro、air2S、御2pro、mini2、avata、御3pro、总体感觉御3pro稳定性、操控都不错。但有些问题还是待优化，比如切换镜头卡顿问题，卡槽取卡与电池仓协调问题，还有镜头保护罩的松散问题等等，其他都还满意！
光学镜头切换卡顿,山区飞出两公里没有信号，光学镜头切换卡顿，续航号称43分钟，实际23分钟，花架子，真的该听团长的买道通。你这个飞机装的是手机蓝牙吧，信号这么弱
镜头切换的卡顿问题,这个3镜头切换的卡顿问题，以后更新固件的话能解决吗理论上来说
姿态并不会镜头晃动 ,姿态并不会镜头晃动  也不会失控
镜头无明显晃动,操作难易：难度比以前我飞的精灵4Pro强多了，智能辅助功能也多了不少，省心了不少。灵敏度：灵敏度很高，指令反应迅速。稳定性：稳定性高，我这里风速五级的情况试了一次，能正常起降，镜头无明显晃动。做工质量：质量一如既往的好，大疆在这个领域深耕多年，确实是无人能出其右。哈苏主摄画质很好，只是拍照模式下是定焦镜头，略有遗憾，录像模式变焦倍率为1-3倍，希望能有所升级。外形外观：外观小巧精致，起飞姿态优美。
我的镜头是歪的,我的镜头是歪的，刚到手也有点不爽，联系客服直接让我寄回去给我换新了，快递寄回当天就确认问题给我发了个新的，整体下来感觉服务真挺不错的
镜头也歪了,东西确实不错，也测试了发现室内光线不好的时候机子容易错乱。。开机半小时就把机子砸出个坑。。镜头也歪了，被我掰回来了。。这个新手一定要买随心换。
请问我的御mini旋转的时候摄像头晃动的特别厉害是为啥,请问我的御mini旋转的时候摄像头晃动的特别厉害是为啥？up主遇到过吗
就是炸机摄像头歪了,挺好玩的，就是炸机摄像头歪了，还好买了随心换，129换了台新的
摄像头装回去还有点歪,我的无人机值出天际了，可惜今天炸了，不过还好，自己换了桨叶，摄像头装回去还有点歪
稍微大一点的风镜头会轻微抖动,清晰度还算不错，但是晚上拍就差强人意了。白天没什么问题。主要还是后期制作吧。抗风能力一般般，稍微大一点的风镜头会轻微抖动。延时摄影可能会受一些影。总体来说性价比还算不错吧。
延时镜头抖动,延时镜头抖动，摇杆阻尼太小
只是摔坏了桨叶,真心不错，从三楼摔下来两次，只是摔坏了桨叶。质量没得说，最好买个桨叶保护罩。
小螺旋桨叶子摔坏了,无人机很小巧轻便，便于携带，对于小白来说，需要认真学习练习才能流畅驾驶，刚买完就去了胡杨林发生了**事件，小螺旋桨叶子摔坏了，收起来再没玩过，抽空再找一个空旷安全的地方练飞
在使用过程中桨叶倒是有所破损,你好大神，求助您一个问题，我飞的是大疆不Ari2s，飞机在保，还有随心换。之前有发现飞机的下传感器有橡胶圈脱落，应该是飞机过热导致橡胶圈收缩脱落。最近飞发现屏幕显示后视觉标定异常正在更新中。打了售后电话，让我返厂检修一下。现在给我发了一个470多的维修账单，肺子没给我气炸了。说我飞机之前有过炸鸡，是炸鸡造成的。我的飞机没有高空出现过炸机。在使用过程中桨叶倒是有所破损。飞机之前用的好好的，只是在最近才发现后视觉标定异常。之前有打电话客服让我用电脑更新一下软件，我说自己不会，让他帮我解释一下橡胶圈是怎么脱落的，他让我给他邮过去检查一下。这会连桨叶的报价29块钱一副都给我报出来了。大疆吃相这么难看，请问怎么处理？
因为机器有问题要退款的如果你掉遮阳网上万一桨叶破损或机身有瑕疵你觉得大疆还会给你退吗,因为机器有问题要退款的如果你掉遮阳网上万一桨叶破损或机身有瑕疵你觉得大疆还会给你退吗
好几个桨叶都有些破损啦,使用简单方便 小朋友很快上手啦 不过玩了没有几天 好几个桨叶都有些破损啦！带了保护罩还是没有避免 呵呵😄
两个桨叶都裂开了 ,买来后就跟他们反应没有螺丝刀 结果用了一段桨叶坏了 发现根本没有备用桨叶  买一套几十块钱的东西 也不至于说谎 有没有的我自己能不知道吗 缺零少件的 服了  而且这个飞机买来没怎么玩 今天一拿出来仔细一看 两个桨叶都裂开了 质量也是杠杠的
到手试了一下就废了一边的两个桨叶,3999的价格，买到就是赚到，可以说很性价比了，虽然是🍗控，但是自己再配一个大疆的fpv遥控器，加起来也就5k，比自组的穿越机还要便宜（同等配置下）。有一说一，avata的桨叶确实不太好，很薄，到手试了一下就废了一边的两个桨叶，都是弯折变形了，好在还有两个备用桨叶可以换上，后面也自己买了副厂的桨叶，比原厂的好多了。
但是还是摔一次桨叶基本就报废了,第一次用就炸机了，飞了不到五分钟，收货不到仨小时，买了不到一天，这应该不是全网首炸，肯定有比我还牛的大神。操作难易： 穿越机有难度，这个已经算是简单了，但是还是不太容易上手，建议买个三代遥控器，穿越摇杆操作很不舒服，操作逻辑也不一样，新手先从N档多飞几次再试着飞S档，在模拟器上多练几个小时再上M档。灵敏度：穿越摇杆不太跟手，逻辑不一样，刚开始很难适应，还算是灵敏，但是不易操作。稳定性：小风一吹就被刮着跑，镜头是带云台的，能比自组的穿越机稳一些。做工质量：比上一代来说更抗摔了，镜头前面有两个黄色胶条也能起到保护镜头作用，电池也不掉出了，但是还是摔一次桨叶基本就报废了，还有可能把机身上端的板给摔弯。外形外观：感觉比上一代更丑了，机身显得很长，镜头边上的两个黄色胶条有点丑，穿越摇杆越升级越丑。其他特色：飞行眼镜是重点！这个目前仅支持avata2、air3和mini4pro，其他的连御三都不支持，一体化设计额头上突出来的那块调整角度很小，这一次眼镜边不是海绵垫而是一种吸油材质的皮，很薄但还不至于透光，但是没有紧贴在脸上的安全感，还特别吸油，镜片可以调节间距和屈光度，但是近视的再怎么调多少还是会糊一些，前面两个摄像头显示出来的画面太窄。
桨叶断了,刚刚炸机了，云台掉了机臂断了桨叶断了，售后说一千往上了得，我修不起啊
桨叶断了,首飞成功，当天晚上第二次飞就炸机，桨叶断了。。。
拆箱后第二天看到备用桨叶有一片是断的,心心念念很久的无人机终于到手了，可惜家里刚好在限飞区。没想到avata2一样的限飞。特别表扬一下客服，拆箱后第二天看到备用桨叶有一片是断的，也不确定是不是拆箱时压坏了，反映给客服，马上安排返了一对桨叶 非常棒！
因为桨叶真的有可能会变形,这个说法我信了，因为桨叶真的有可能会变形
问题在于是否真的桨叶变形了,不是版本高低问题，版本只是更智能，这是误区。问题在于是否真的桨叶变形了，你可以找正常的备用桨叶对比。原因Mini桨叶不能快拆，折叠后后肢桨叶朝下压致变形，所谓多数是后肢桨叶出故障。
折叠后后肢桨叶朝下压致变形,不是版本高低问题，版本只是更智能，这是误区。问题在于是否真的桨叶变形了，你可以找正常的备用桨叶对比。原因Mini桨叶不能快拆，折叠后后肢桨叶朝下压致变形，所谓多数是后肢桨叶出故障。
变形的桨叶我也有解决办法,我的解决是，手提箱安置无人机的槽，在槽的后机身位垫高一点点，让无人机的桨叶有空间不受压。变形的桨叶我也有解决办法，就是用水泥给正常的桨叶倒模，成型后为以后的变形桨叶重塑造型，只要把变形的桨叶放到模板上用热风筒吹热三分钟左右，再合上模板压紧等冷却后就完成了。
成型后为以后的变形桨叶重塑造型,我的解决是，手提箱安置无人机的槽，在槽的后机身位垫高一点点，让无人机的桨叶有空间不受压。变形的桨叶我也有解决办法，就是用水泥给正常的桨叶倒模，成型后为以后的变形桨叶重塑造型，只要把变形的桨叶放到模板上用热风筒吹热三分钟左右，再合上模板压紧等冷却后就完成了。
只要把变形的桨叶放到模板上用热风筒吹热三分钟左右,我的解决是，手提箱安置无人机的槽，在槽的后机身位垫高一点点，让无人机的桨叶有空间不受压。变形的桨叶我也有解决办法，就是用水泥给正常的桨叶倒模，成型后为以后的变形桨叶重塑造型，只要把变形的桨叶放到模板上用热风筒吹热三分钟左右，再合上模板压紧等冷却后就完成了。
应该桨叶有变形之类的,应该桨叶有变形之类的，更换桨叶就行了
还好就是一片桨叶变形了,买回来当天晚上就拿出去玩了，奉劝大家一句新手欠我别晚上带出去，因为**作不熟悉，没有看眼睛，自动返航，不会暂停，当时就撞到树上了，还好就是一片桨叶变形了，其他并无大碍，新手购买要卖一个sd卡不然都拍不了照片和视频，看着太苦了操作难易：还可以不是很难，白天操作要灵敏度：高高，我是新手数度有点快不敢跑稳定性：高做工质量：好外形外观：太酷了这个太喜欢了
不怕撞墙叶片损坏,第一次玩，在实体店看了，很心动，心心念念了很久，很喜欢，在室内起飞练习，不怕撞墙叶片损坏，有保护，小朋友看了很兴奋，说要给他们头上当吹风机
检查发现叶片破损,首发购买，激活后首飞异响，检查发现叶片破损，JD旗舰店客服承诺可换货，到DJI售后，死活不承认，说是激活后摔的，还给产生一笔289元维修费。 什么样的摔机能把保护这么好的叶片摔得掉一小角，无语
断了2个叶片,包装不好，断了2个叶片
然后直接外八螺旋桨断电,低一点，然后直接外八螺旋桨断电
螺旋桨断了一个,我下午刚炸，云台断裂，螺旋桨断了一个
螺旋桨变形了,非常喜欢，当然买教训了，很容易炸机. 螺旋桨变形了，竟然还能飞. 强大.  拍照多了很多视角，喜欢的不得了. 就是可玩时间太短了，建议买长续航版.
观察了报警的电机上的桨叶确实有磨损换了就好了,我之前遇到，观察了报警的电机上的桨叶确实有磨损换了就好了，但是又换另一个电机报警也是电机转速过快，但是我观察了桨叶没有问题，我把上面的螺丝换了就没有报警了，螺丝松动和桨叶磨损都会导致这个警报，桨叶没问题换螺丝就好了，毕竟桨叶比螺丝贵多了，明白大疆为啥买一套桨叶配2套螺丝了么
螺丝松动和桨叶磨损都会导致这个警报,我之前遇到，观察了报警的电机上的桨叶确实有磨损换了就好了，但是又换另一个电机报警也是电机转速过快，但是我观察了桨叶没有问题，我把上面的螺丝换了就没有报警了，螺丝松动和桨叶磨损都会导致这个警报，桨叶没问题换螺丝就好了，毕竟桨叶比螺丝贵多了，明白大疆为啥买一套桨叶配2套螺丝了么
但是我感觉是那时候风大然后动力满载之前桨叶有过磨损才会这样失高,看我的视频，我的mini也是40多的电就迫降掉高了，但是我感觉是那时候风大然后动力满载之前桨叶有过磨损才会这样失高，后来换了个桨叶正常飞行就不会有这种情况了。
我的桨叶就磨损了一点点,我是看到哔哔姐的暴力测评桨叶剪掉3分之1都能飞，我就没舍得换，想将就用用。我的桨叶就磨损了一点点。
桨叶上有划痕 ,物流比想象的快不少 质量没问题 桨叶上有划痕 可以理解 三个镜头变焦清晰 对焦慢 rc屏控略卡
桨叶的咋可能没噪音,桨叶的咋可能没噪音
桨叶噪音太大了,相比fpv动力是差太多，桨叶噪音太大了，但是好处就是小巧灵活有圈圈保护，耐炸坚固适合冒险
还是去除了桨叶噪音的声音,NEO真的很小巧轻便，对比手里的大家伙让我更有日常带出去的欲望，用起来也很方便。并且四种使用方式全部开放！！！！！你敢信1，单纯neo自身即可玩耍，无需任何遥控，模式按钮可以实现大部分功能2，手机控制，可以实现模拟的遥控，并且可以录音，还是去除了桨叶噪音的声音，遥控距离近。3，连接航拍机遥控器，等同于普通无人机使用体验，不过抗风一般，遥控距离远。4，连接FPV遥控器或者眼镜鸡腿控，可以实现类似avata一般的操控，可以花飞等
下一步就是控制桨叶噪音,下一步就是控制桨叶噪音。不管是做vlog还是啥，这巨大的嗡都太太太出戏。
桨叶停转不一致会炸机,你看桨叶，异响不会导致炸机，桨叶停转不一致会炸机
一个桨叶卡顿,三个桨叶正常，一个桨叶卡顿，返厂说检测正常个人感觉不正常，对大疆品控失望。
跟桨叶之间没有卡顿感,第一台无人机，必须选择大疆。飞机到手质感非常好，很贴心送了教程，这几天好好学习一下，等周末了出去爽飞。保护罩保护性非常好，跟桨叶之间没有卡顿感，阻尼感，因为4 k无避障功能，这点不爽，太容易炸鸡了，
跟桨叶之间没有卡顿感,第一台无人机，必须选择大疆。飞机到手质感非常好，很贴心送了教程，这几天好好学习一下，等周末了出去爽飞。保护罩保护性非常好，跟桨叶之间没有卡顿感，阻尼感，因为4k无避障功能，非常安心。
所谓多数是后肢桨叶出故障,不是版本高低问题，版本只是更智能，这是误区。问题在于是否真的桨叶变形了，你可以找正常的备用桨叶对比。原因Mini桨叶不能快拆，折叠后后肢桨叶朝下压致变形，所谓多数是后肢桨叶出故障。
配无线麦克风倒是一个好想法远处收音的话螺旋桨的噪音应该不会有什么影响,配无线麦克风倒是一个好想法远处收音的话螺旋桨的噪音应该不会有什么影响
这个三叶桨比mini的两叶桨噪音要大很多,这个三叶桨比mini的两叶桨噪音要大很多，挨在头顶会吵死吧？时间一长得耳鸣吧？？
再用软件直接把螺旋桨噪音处理掉,无人机都不能录声音，这个只能作为素材，所以要出片还得剪辑配乐。说实话，不是专业搞视频的，或者靠视频流量吃饭的，真没这个闲心。如果有蓝牙mic可以同步录音轨，再用软件直接把螺旋桨噪音处理掉。那这东西就值得买。
无人机先执行遥控操作才会停桨,外八是会先转圈圈的，无人机先执行遥控操作才会停桨
不落地不停桨的,不落地不停桨的，用手接的时候就能感觉出来，眼看减速准备停桨了，动一下他又拉高
大疆飞控需要感受到超过一秒钟的强制上升力才会停桨,不会停桨的，大疆飞控需要感受到超过一秒钟的强制上升力才会停桨，而且停桨跟高度没有关系，你就算把高度飞到负也不会停桨 
不落地不停桨,不落地不停桨的，用手接的时候就能感觉出来，眼看减速准备停桨了，动一下他又拉高
不落地不停桨,不落地不停桨，难道你最后是掉下的？
看着像射桨和空中停桨之后的姿态,姿态球的样子应该就是在空中失去动力翻滚坠落，看着像射桨和空中停桨之后的姿态
无人机套装打开后里面一个螺旋桨的泡棉是掉下来的,第一次入手大疆无人机，怎么说呢开箱体验不是很好，我打开穿越摇杆时盒子都裂开了，无人机套装打开后里面一个螺旋桨的泡棉是掉下来的，我仔细看了没有指纹或人为导致的痕迹，确定这是物流运输导致的，幸好东西没有损伤，无人机电池仓有灰而且擦不掉，不知道什么原因，整体无人机做工吧挺好的，但是很多配件做工不行，你要按苹果的标准比肯定差远了，别觉得我吹毛求疵，当时买的时候觉得大疆是中国第一无人机品牌，现在这种体验只能说一般，我只打开包装激活升级了，还没飞，之后再评价吧
机臂断了,刚刚炸机了，云台掉了机臂断了桨叶断了，售后说一千往上了得，我修不起啊
机臂断了,比如我1W买的精灵炸机了机臂断了云台掉了镜头裂了700块钱能再换1W块钱么你觉得
机臂断了,找了2小时掉麦田里了，机臂断了
这样掉落时可以尽量避免折断机臂就很好了,这款大疆的无人机做工质量还可以，稳定性也不错，操作也很简单方便，新手也很容易上手，起飞前必须做好所有的检查准备，不然很容易导致炸机情况，材质方面就是很不耐摔！要是可以改进一下机臂的折叠方式和材质方面的问题，这样掉落时可以尽量避免折断机臂就很好了！电池续航的时间还可以，要想畅飞必需购买多块电池，拍照和录像的画质也很不错！这款无人机整体还可以吧！
传输时间过长容易出现机体过热警报,操作难易：操作比较简单，熟悉一下就可以熟练操作灵敏度：灵敏度很好，遥控器摇杆阻尼设定很好。机身机动性一般，不是太灵活（速度略慢）稳定性：图传是O2，传输距离、稳定性还凑合。市区限高区最远能达到2公里（楼顶起飞），一般在1.2公里后就会出现信号衰减，然后断断续续的趋向稳定。可能跟周边的高层建筑有关，楼体对信号影响极大。飞行稳定性跟风力大小、楼体风口风量有关。另外转向后悬停静止，机身位置会小范围偏移做工质量：做工质量：实物给人感觉不太值这个价，做工质量还不错。没有太大的做工问题。外形外观：外形外观：外观比较耐看、小巧 ，折叠携带很方便其他特色：拍照清晰度跟2K-3K价位的手机类似，录像效果强于拍照效果。另外变焦（2倍数码）能力太差了，基本等于没有。没有前后左右上避障，飞行前一定要熟悉周边环境。注意树枝、电线、风筝线、漂浮塑料袋等物体。在飞行过程中整体散热性能还不错。就是手机快传的时候由于处于无风静止状态，传输时间过长容易出现机体过热警报。另外对内存卡的读写速度有一定要求，尽量用无人机、行车记录仪、健康专用的高读写速度的卡。
就是机身有点烫,收到后儿子就迫不及待的试了下，目前挺好的，就是机身有点烫，客服说正常的，儿子很喜欢😍爱不释手。
飞机飞完后电池和机身都很烫,6.18购的很划算，就是没有避障功能，但是价格是值了，收毕货一直没时间飞，一个礼拜才开机的，很小巧，很好上手，而且一键返航太好了，不怕飞丢了，买了一年的随心换，接着就是电池只能飞二十二，三分钟，离官方测试的31分钟少了一大截！飞机飞完后电池和机身都很烫，在小区起飞后如果直线飞高一百多米，然后再下降信号就会被遮挡，还是要在空旷的地方飞，一键升高，这些都要在很宽阔的地方，否则很容易炸机撞到！
机身发烫,操作难易：还行，上手比较快灵敏度：自动设置的最大距离内操控响应迅速稳定性：任意悬停其他特色：电池不经用，机身发烫
应该是飞机过热导致橡胶圈收缩脱落,你好大神，求助您一个问题，我飞的是大疆不Ari2s，飞机在保，还有随心换。之前有发现飞机的下传感器有橡胶圈脱落，应该是飞机过热导致橡胶圈收缩脱落。最近飞发现屏幕显示后视觉标定异常正在更新中。打了售后电话，让我返厂检修一下。现在给我发了一个470多的维修账单，肺子没给我气炸了。说我飞机之前有过炸鸡，是炸鸡造成的。我的飞机没有高空出现过炸机。在使用过程中桨叶倒是有所破损。飞机之前用的好好的，只是在最近才发现后视觉标定异常。之前有打电话客服让我用电脑更新一下软件，我说自己不会，让他帮我解释一下橡胶圈是怎么脱落的，他让我给他邮过去检查一下。这会连桨叶的报价29块钱一副都给我报出来了。大疆吃相这么难看，请问怎么处理？
机身腹部发热比较严重,发货挺快的，当天就发了，包装完好无损，第一次无人机，想买个入门级的，但是老板发话了，那就挑个新品，鼓捣半天，新人小白真的建议扫码观看完整视频，要不真不会这么高端的完意儿。刚完一分多钟，机身腹部发热比较严重，但客服说正常现象，送的充电线太短了，期待以后拍出大片感觉
机身和电机发热严重,心仪很久了，一直没舍得买，现在终于到手了，非常的喜欢， 操作难易：简单好用 稳定性：特别棒 做工质量：非常好，加油坚持～～～～～……………………………………………………做工质量：塑料感稳定性：机身和电机发热严重，飞一会十分烫手
飞机飞了十分钟机身发热,第二天就到了，非常快，已经试飞了2次，特别稳画质好，很适合新手，正在学习中，只能在视线范围内飞。飞机飞了十分钟机身发热，不知道是不是正常现象，其他都很好。
明拿到第一天试飞时操作失误损坏了机体,非常好，售后服务也非常好，购买时一定要购买保险和极速换货，明拿到第一天试飞时操作失误损坏了机体，直接换新的，很方便。
外观机身外观都没有弄坏,耐摔。在房间里没有装防护罩塞了五六次。只是桨叶有点刮花，外观机身外观都没有弄坏。在视野开阔的地方能飞2千米都还有信号。操作难易：简单灵敏度：很好稳定性：稳如老狗
几个机翼破损,飞机使用第三天，撞机了，提交退货，商家让改寄回检测，然后同意了以后检测了好久，然后过了半个月说撞机原因是人为原因，让出了三百多维修费，几个机翼破损，收了三百
机身还有点小瑕疵,开包的时候，云台膜都是撕掉了，机身还有点小瑕疵，这些没啥事，关键最近要飞时候才发现飞行眼镜很多划痕，气的要死，买个新机就这么糊弄老子，太狗了。
11月的几次固件更新以后下方测距不准了,最近我也遇到过，我是mini4Pro。11月的几次固件更新以后下方测距不准了！有时候落到地上桨叶仍然高速旋转，甚至会因为地面效应跳几下；有时候离地面还有几公分直接停桨了砸地上。不明白明明有红外传感器为什么还会这样，是在为明年的限高政策做准备吗？
我之前也有这个报警也试过重刷固件刚开始有用一段时间后还是报警也试过悬停五分钟没用后来观察到起飞离地的瞬间飞机有一个顺时针的偏航离地后飞控自主矫正感觉是硬件问题就寄回大疆了没有care大疆免费维修还更换桨叶换了两个电机,我之前也有这个报警也试过重刷固件刚开始有用一段时间后还是报警也试过悬停五分钟没用后来观察到起飞离地的瞬间飞机有一个顺时针的偏航离地后飞控自主矫正感觉是硬件问题就寄回大疆了没有care大疆免费维修还更换桨叶换了两个电机
现在大疆的无人机真的是太多bug了还要不停的升级固件,现在大疆的无人机真的是太多bug了还要不停的升级固件，以前的老机器虽然图传比较差但也没有这么多毛病
损坏电源系统有失联机会,损坏电源系统有失联机会！
电源管家寄来就有破损,电源管家寄来就有破损
你这电池得废了吧,你这电池得废了吧
电池两年被计划性报废,air2s，电池两年被计划性报废，那这air3电池计划性报废是多久？？？
那这air3电池计划性报废是多久,air2s，电池两年被计划性报废，那这air3电池计划性报废是多久？？？
超过60度电池容易鼓包,超过60度电池容易鼓包
小心飞着飞着电池直接鼓包把飞机烧没,小心飞着飞着电池直接鼓包把飞机烧没
而且这飞机电池鼓包好像是通病,哈哈，这个不可能的，而且这飞机电池鼓包好像是通病，鼓包不要太明显都没问题，这飞机我已经出了
小心电池过热鼓包,小心电池过热鼓包，如果过热鼓包了，就不能用，容易爆炸
航模圈子有很多电池鼓包了把家烧没的,航模圈子有很多电池鼓包了把家烧没的
大疆的电池在高原会鼓包,大疆的电池在高原会鼓包，已经换过好几次了。mavic2air2s都遇到过。
电池鼓包了据说超海拔了,哈浮身边一老大哥前两天带着去了新疆…电池鼓包了据说超海拔了
我还在用MINI2畅飞套装care过期了电池也有点鼓包了因为MINI2也是只有底部避障这么多年也习惯了有必要卖了换NEO吗,我还在用MINI2畅飞套装care过期了电池也有点鼓包了因为MINI2也是只有底部避障这么多年也习惯了有必要卖了换NEO吗？前提是能卖得掉
电池鼓包挤压等等,里面的核心电路板出问题了，很多种原因摔过脱焊，淋雨进水，高温脱焊，电池鼓包挤压等等。如果没有鼓包那100%就是电路板上的毛病
电池鼓包,哈哈，这个不可能的，而且这飞机电池鼓包好像是通病，鼓包不要太明显都没问题，这飞机我已经出了
电池鼓包,航模圈子有很多电池鼓包了把家烧没的
电池鼓包,哈浮身边一老大哥前两天带着去了新疆…电池鼓包了据说超海拔了
电池鼓包,里面的核心电路板出问题了，很多种原因摔过脱焊，淋雨进水，高温脱焊，电池鼓包挤压等等。如果没有鼓包那100%就是电路板上的毛病
电池鼓包,无人机飞丢多正常的事。没定为好起飞，然后自动返航就回去老位置了。电池鼓包，电磁干扰，等等。本来就是消耗品。
电池鼓包,我的原装电池鼓包了没在意，一次飞行中瞬间没电炸机了，摔的稀巴烂
电池鼓包,上次有个电池鼓包电压不足，不敢飞直接换电芯了
电池鼓包,你好，请问大疆精灵4电池鼓包，换电芯怎么收费？
电池鼓包,我的大疆air6、7年了，早就过保，电池鼓包，大疆售后买了3块电池，花了1400多，很快邮来。
电池鼓包,电池鼓包都是通病，从来没有积极处理过
我的原装电池鼓包了没在意,我的原装电池鼓包了没在意，一次飞行中瞬间没电炸机了，摔的稀巴烂
上次有个电池鼓包电压不足,上次有个电池鼓包电压不足，不敢飞直接换电芯了
另外鼓包的电池也要立马扔掉 ,我飞了七年多 前几年遇到过一次 差点伤到人 后来再也不会在人多的地方飞 另外鼓包的电池也要立马扔掉 我两个朋友都是舍不得扔 结果炸机
第二看看电池有没有鼓包,个人觉得大概有三个原因，你注意看电池接触点，也叫金手指看看有没有脏污或者老化。第二看看电池有没有鼓包。第三就是固件原因，飞机联网，退出飞行界面，看看有没有提示电池固件不一致，这个也会有影响的。如果检查三样都没问题，就报修把电池寄回去给大疆检测
因为上次电池晒鼓包弹出来了,我买了一个魔术带绑着电池的，因为上次电池晒鼓包弹出来了，幸好针脚长还没断电
电池鼓包都是通病,电池鼓包都是通病，从来没有积极处理过
航模圈好多人飞着飞着电池原本好好的空中烧起来的,也不一定，航模圈好多人飞着飞着电池原本好好的空中烧起来的
结果电池直接烧了,接触不良，或者电池插口太脏了通电不好。之前莪的正在飞行中，结果电池直接烧了，遥控器一直闪电量为零，返航一看是电池烧了
返航一看是电池烧了,接触不良，或者电池插口太脏了通电不好。之前莪的正在飞行中，结果电池直接烧了，遥控器一直闪电量为零，返航一看是电池烧了
换块电池就自燃了 ,我自燃了你敢信 换块电池就自燃了 大疆赔我一台新机
三星电池爆炸算明显吗,三星电池爆炸算明显吗，小米烧WiFi算明显吗，air2S云台过载算明显吗这些最后是厂家的问题还是消费者的问题
而且我的应该也是全国首例电池掉落在他人车上爆炸自然了的,我现在也是类似这种案例，而且我的应该也是全国首例电池掉落在他人车上爆炸自然了的，方便的话可以能报道一下吗。面对垄断行业，消费者真的有时候很无奈
这电池是直接爆炸,这电池是直接爆炸
我这刚拆封的电池就电芯异常,最近大疆的问题多了，我这刚拆封的电池就电芯异常
电池在飞行时脱落的潜在可能,操作难易：和想象中的一样非常非常容易上手，我宣布摇杆是最伟大的发明，控制只要记住2方面，控制方向时手腕不动、只转动小臂，控制行进主要控制油门@、上下左右摇动键辅助。灵敏度：响应摇杆很快。稳定性：飞的很稳（感觉算法很厉害），悬停很好。另外，防护圈yyds，第一次是在室内尝试起飞的，安全放心。室外也不怕撞。外形外观：很小巧，拿在手上很酷😎电池的卡住的设计可能需要改进，虽然目前使用没有任何问题，不过感觉有用久了卡槽磨损松动、电池在飞行时脱落的潜在可能。还有个机身近似对称设计的小问题，导致太远的时候目视看不清机头的方向，电池灯在机尾晚上有指示作但作用有限。另外，建议眼镜上的按键放在左手边，这样可以和右手设计的摇杆同时使用。其他特色：眼镜内看到图像很清晰，图传和摄像头都很棒。非常期待眼镜能进一步结合vr和ar的功能（因为佩戴眼镜时有时候会需要看到周围环境），以苹果最新的那个visionpro作为baseline。客服很耐心。对小白很友好。发现包装内少发了个螺丝刀已经补发了。拍摄等功能还在探索中以后补充。大疆YYDS！
我的飞机电池失效坠江怎么才赔偿一个5折券,发了新闻你就私信人家处理，我的飞机电池失效坠江怎么才赔偿一个5折券
接触不良导致的电池检测信息不能正常回传,大概率不是电池故障，故障很可能是出在接口上，接触不良导致的电池检测信息不能正常回传，这时无人机就会出现判断失误，其实电池还有电，只是飞机认为没电了。
是不是电池接口接触不良,是不是电池接口接触不良？我上面刷了个视频，电池接触不良就读取不出电池信息
电池接触不良就读取不出电池信息,是不是电池接口接触不良？我上面刷了个视频，电池接触不良就读取不出电池信息
总插拔电池容易接触不良,总插拔电池容易接触不良，把电池针脚和飞机针脚用酒精处理下试试
因为画面提示电池故障,我的御2pro在上个月13号傍晚六点半左右，在悬崖下边三百多米的高空炸鸡了。因为画面提示电池故障，正准备返航呢，几秒钟过后就炸鸡了，因为机身过保一个多月，电池过保半年，所以客服沟通后提供一个九折购裸机的方案，我尼玛直接裂开了
应该是电池故障,应该是电池故障
大概率不是电池故障,大概率不是电池故障，故障很可能是出在接口上，接触不良导致的电池检测信息不能正常回传，这时无人机就会出现判断失误，其实电池还有电，只是飞机认为没电了。
电池故障了,电池故障了
无人机电池故障太危险了 ,无人机电池故障太危险了 这换成新手估计完了
电池突然断电直接掉下来也很常见,电池突然断电直接掉下来也很常见
我只看到别人改装电池自然和断电,我只看到别人改装电池自然和断电，电量不是零电
电池和线的接口只要轻微晃动就断电；,1.第一次试飞，飞上去不到5秒钟，眼镜电池自动关了，我带着眼镜漆黑一片，赶紧按急刹，重新开启5秒后，又断电，***，好吧就在头顶可见范围飞了下2.后面玩模拟机，又出**镜断电；3.打电话给客服说，客服说可能是接触不好，我复现了下还真是，电池和线的接口只要轻微晃动就断电；4.精彩的来了，大疆的电话每次联系我打不通，就一个短信我过来，然后我屁颠的去打回去，每次给大疆大爷解释十多分钟，截至目前两次电话，三次微信客服，大疆的真是大爷；5.最终客服解释说无法复现，我说让维修的电话我确认，不行，同一个城市我们当面复现，也不行***，就推辞再检测一次，还是没问题，你不知道实验室的场景和实际的场景有差异么？
万一第三方电池空中断电,直接一步到位买了长续航畅飞套装，价格能接受。送货非常快。出游好伴侣。操作难易：操作简单，但是需要时间熟悉适应灵敏度：指哪打哪，无敌稳定性：当时考虑要不要上第三方电池，想了想算了，万一第三方电池空中断电，得不偿失，原厂稳定！做工质量：大疆出品，质量不必担心
两块电池都飞了18分钟左右没有出现突然掉电的情况,刚从4000多海拔的地方回来，mini3P操作员，7级风3800海拔可以起飞，起飞就被吹着横飞慢慢飘走；普通拍照和几种格式的视频基本都没问题，360全景照片一定没法合成，2%就卡死，需要手动停掉，180°照片尝试不下十次成功了一次，反而是“广角”那个9张合成的完全没问题；但是~云台被吹歪了，整个画面都是歪的，右拨轮没问题，左拨轮我不敢动，录了两段当乐子留着了，然后尝试逆风顺风侧风飞，它都没法回正，只好返航降落，然后落地它就自己拧回来了，重启后基本正常，继续顶风作案...回来检查视频的时候在电脑屏幕上发现还是偶尔会出现问题，首先就是云台的抽风，那个和海拔无关，纯纯的从娘胎里带出来的问题，随机出现了几次，然后就是云台歪脖，比抽风幅度小，发生过很短暂的一两次，然后是画面的抽搐，轻微，几次；然后是画面的波浪纹，这个是第一次见，怀疑的返航时大风，我垂直云台慢慢抬起拍摄时云台和风的较劲？耗电比我预期好很多，两块电池都飞了18分钟左右没有出现突然掉电的情况
我前几天是电池一直不掉电,我前几天是电池一直不掉电，等发现的时候已经晚了，回来的时候直接停桨掉落，完全刷新了我的认知，我一直以为无人机没电会缓慢降落的
为什么电池掉电那么快,为什么电池掉电那么快
电池会自动掉电,这是个优缺点都极其明显的产品优点:非常耐炸，体积小，室内飞也不怕。新手上手难度低，可以直观的体验第一视角飞行乐趣，眼镜的可调节屈光度好评。缺点:一套价格下来一万以上，而且不送收纳包，消费机里最没有性价比的机型，同样的air2s送一大堆桨叶、收纳包、充电器、充电管家。还比avata便宜。续航很低，暴力飞只有5分钟，充电异常的慢，上午飞回来，充电充到晚上9点才勉强充满，充电管家的设计真的sb，即使同时插上3块电池也只能依次充电，况且电池充满了，一个星期不用，电池会自动掉电。像素也差，夜间就不能用了，全是噪点。白天需要额外花费400块购买nd滤镜。300块买收纳包，只送一个桨叶，需要自己额外购买。很差的一次体验了算是。
电池掉电太快后续购买了备用电池,大玩具，慢慢上手，电池掉电太快后续购买了备用电池。已经飞了五六圈了，纯小白普通模式还是毕竟容易上手的。安全保护系统做的很棒，自动返航等设定避免了很多不必要的麻烦。有一个小小的瑕疵就是云台保护罩并不是很方便拆，总担心哪一次力度大点就拆坏了。后面慢慢玩，技术慢慢练。感谢后续客服耐心解答了我的很多问题。
电池通讯出错了,电池通讯出错了，实际电量是够你飞回来的
电池显示就不准,不要用电没满的电池飞行，我有一天把电池飞了三分之一左右，第二天接着飞，电池显示就不准，跳去跳来的，
报错和电池有什么关系,有什么问题我居然没看出来，报错和电池有什么关系，充电管家有什么问题?
电池充不进电就算了,呵呵，电池充不进电就算了，换个电池还超级麻烦，裤子都脱了，让我拍屁股走人。真的太失望。
到手主机上的6S电池充不进电,期待这么久的，到手主机上的6S电池充不进电，遥控和眼镜可以打开，电池可以充电，联系客户，转接3次，答非所问，你申请更换电池吧！来来回回一周 ……国货之光的大疆也不过如此，作为一名FP**飞手，升级高清未遂，很不开心，很不好的开箱和售后体验，哎…
结果发现电池充不进电（,本人于2023年5月8日在大疆门店购买了一个FPV机型（未开封），因为店面无现货需要调货所以选择邮寄，当天回家收到货后开箱，结果发现电池充不进电（是坏的）后与客服联系后选择更换。后又发现电池拆下来后的电池仓既然有长期磨损的痕迹发现是一款二手机翻新。后来想想也是大疆的随心换保险服务，根据不同的机型花费几百到大几千购买了保险后如果机器飞丢或炸机再付款几千元又可以得到一款新机，那么这些旧机器拆后又去了哪里呢，可能这种是概率事件，但是偏偏被我碰上了。拿到门店去，门店证明了我的机器是未激活的（说明我并不是拿的以前的旧机器故意黑大疆）。大疆是我们国人的骄傲，可是既然出现这种欺骗消费者的行为，实在可恶。
充电异常的慢,这是个优缺点都极其明显的产品优点:非常耐炸，体积小，室内飞也不怕。新手上手难度低，可以直观的体验第一视角飞行乐趣，眼镜的可调节屈光度好评。缺点:一套价格下来一万以上，而且不送收纳包，消费机里最没有性价比的机型，同样的air2s送一大堆桨叶、收纳包、充电器、充电管家。还比avata便宜。续航很低，暴力飞只有5分钟，充电异常的慢，上午飞回来，充电充到晚上9点才勉强充满，充电管家的设计真的sb，即使同时插上3块电池也只能依次充电，况且电池充满了，一个星期不用，电池会自动掉电。像素也差，夜间就不能用了，全是噪点。白天需要额外花费400块购买nd滤镜。300块买收纳包，只送一个桨叶，需要自己额外购买。很差的一次体验了算是。
充电异常,这是个优缺点都极其明显的产品优点:非常耐炸，体积小，室内飞也不怕。新手上手难度低，可以直观的体验第一视角飞行乐趣，眼镜的可调节屈光度好评。缺点:一套价格下来一万以上，而且不送收纳包，消费机里最没有性价比的机型，同样的air2s送一大堆桨叶、收纳包、充电器、充电管家。还比avata便宜。续航很低，暴力飞只有5分钟，充电异常的慢，上午飞回来，充电充到晚上9点才勉强充满，充电管家的设计真的sb，即使同时插上3块电池也只能依次充电，况且电池充满了，一个星期不用，电池会自动掉电。像素也差，夜间就不能用了，全是噪点。白天需要额外花费400块购买nd滤镜。300块买收纳包，只送一个桨叶，需要自己额外购买。很差的一次体验了算是。
充电异常,新机拆装遇到电池无法开机，充电异常。
又检测了一天发现电芯异常,我的mini4p电池关机下无故大电流放电发热严重，寄回售后说没问题，我坚持有问题，又检测了一天发现电芯异常，免费换了一块。
明显比我mini飞完的电池和精灵2v的电池都要烫好多,我同学在我的推荐下买了一个二手的精灵3A，每次飞完都特别烫，都是直接烫手，不能握在手中的那种，明显比我mini飞完的电池和精灵2v的电池都要烫好多，不知道会不会出啥毛病
飞机搭在电池充很容易发烫,昨晚首发抢的，小白入手第一架飞机，包装非常完美，好激动，在充电，不知道要冲多久，飞机搭在电池充很容易发烫，干脆放充电管家里充，也一样的发烫，在空调房，不知道什么原因，本来是一边充一边更新固件的。先期待充满飞一下试试
电池烫到手摸起泡,这个型号镜头起雾的总题一直没解决，无视问题，只管吹。打开电源后，电池烫到手摸起泡，最后短路自动关机。我一直奇怪这种产品也出来卖，完全不讲质量。
因为包括电池过热等问题电池管家会闪黄灯的,其实只是说明没报错，因为飞机系统大部分报错都在那，在简介也说了不知道是充电管家还是电池的问题，因为包括电池过热等问题电池管家会闪黄灯的，视频中充电管家是闪绿色呼吸灯，同时电池充电过程中电池上指示灯也会闪烁并指示正在充电，而视频中没有一个电池有指示在充电，所以也不知道怎么回事，
Air1表示什么叫过热大夏天飞完电池基本上都能到60度,Air1表示什么叫过热大夏天飞完电池基本上都能到60度，没有高温提示
导致智能电池进入高温保护自动放电,电池温度过高，再加上mini没有散热风扇，导致智能电池进入高温保护自动放电，而且当时还在飞行中也需要用电，所以掉电非常快
因为电池高温炸过一次,因为电池高温炸过一次
我迷你二之前试过电池六七十度没有高温返航,我迷你二之前试过电池六七十度没有高温返航
可能是电芯以为自己过热了就直接开始放电了,可能是电芯以为自己过热了就直接开始放电了
我的mini4p电池关机下无故大电流放电发热严重,我的mini4p电池关机下无故大电流放电发热严重，寄回售后说没问题，我坚持有问题，又检测了一天发现电芯异常，免费换了一块。
电池很不撑用且发热大；,1，亲测跟随很好，可以选人，没有走丢情况；2，避障确实没有需要在空旷地方，要注意；3，电池很不撑用且发热大；4，几乎完全不抗风；5，真的没有禁飞区，亲测禁飞区可以按键及手机APP起飞
后又发现电池拆下来后的电池仓既然有长期磨损的痕迹发现是一款二手机翻新,本人于2023年5月8日在大疆门店购买了一个FPV机型（未开封），因为店面无现货需要调货所以选择邮寄，当天回家收到货后开箱，结果发现电池充不进电（是坏的）后与客服联系后选择更换。后又发现电池拆下来后的电池仓既然有长期磨损的痕迹发现是一款二手机翻新。后来想想也是大疆的随心换保险服务，根据不同的机型花费几百到大几千购买了保险后如果机器飞丢或炸机再付款几千元又可以得到一款新机，那么这些旧机器拆后又去了哪里呢，可能这种是概率事件，但是偏偏被我碰上了。拿到门店去，门店证明了我的机器是未激活的（说明我并不是拿的以前的旧机器故意黑大疆）。大疆是我们国人的骄傲，可是既然出现这种欺骗消费者的行为，实在可恶。
电池一拔里面都灰都划痕 ,京东我看你是连做个翻新都做不明白了 发过来箱子破了不说 打开包了厚厚保鲜膜 撕开就感觉不对劲 电池一拔里面都灰都划痕 我在京东买了几万块的摄影设备了 没给过一次差评 我不知道这是你们京东的问题还是dji的问题 退换货要7-11天我真的会谢谢好吗我这周生日 上周日下的单这周末准备去飞了 你给我整这么一出 下周我也有拍摄任务 看这样是下周也到不了 你给我查激活时间有个p用换个主板照样是没激活  我都tnn怀疑你们把评论区里那个差评退回的发给我了 还是别人炸了拿来随心换翻新没整明白 极差的购物体验！！！一颗星都不想给！
新机到手电池舱盖撕开标签下面就有一道划痕,总得来说还不错，就是做工有点次，新机到手电池舱盖撕开标签下面就有一道划痕。操作上面还挺容易，小朋友到手就能飞。拍的还挺清晰。
就是电机生锈了,十分钟刚签收，就是电机生锈了
才发现电机都变形了,我的mini1好的时候我是给它一顿溜，这几天因为云台干坏了，就没再玩了，直到今天，我无聊往电机上装了个角磨机的片，才发现电机都变形了，估计是之前炸鸡炸了太多次吧……
我穿越机摔了磕到电机就这样,电机有问题，我穿越机摔了磕到电机就这样
多少过热问题电机问题,别洗了，多少过热问题电机问题，新增那俯冲降落给小孩砸进医院，这些问题都解决了么？
接住了停不了桨硬跟飞控掰掰了一分钟电机都发烫了,我手接2s的时候有次，接住了停不了桨硬跟飞控掰掰了一分钟电机都发烫了
我说这个电机发热大,我刚刚和大疆售后联系了，他说电机转速不是完全对等的，我说这个电机发热大，放在光滑的地面上启动，会向右下角旋转，他说要等高级工程师给我回消息，要1到2个工作日
3.电机一定会烫,1.目前机型的避障都是视觉避障，也就是用镜头，极端天气下就是会不准，这是写在说明书里的。2.抖动应该只存在于3倍，另外延时是需要用图片序列进lrt自行处理的，这是基础知识，只是预览越来越智能所以门槛低了。3.电机一定会烫，从御1到悟2就是这样，炎热环境下更明显。4.7倍画质是绝对没有问题的，但目前近距离对焦有bug，有几率无法合焦。
像什么电机异响,如果在保修期内，直接送修大疆做检查，记得把备用桨叶换上，如果机器表面没有摔过的痕迹就不要告诉大疆有炸机过，等大疆检测，像什么电机异响，螺丝柱断裂什么的有几率免费让大疆帮你修
像什么电机异响,可能是摔过后第三方换的壳大疆每年都有一次免费检修的服务，让卖家找点小问题邮寄过去，像什么电机异响，充电冲不进去，电机异响，邮寄到大疆总部检修，然后让大疆邮寄给你，这多半就没有问题，要是还不放心，寄修后24还是48小时可以还可以买随心换
我也是左上方电机收宁感觉异响,我也是左上方电机收宁感觉异响，不顺畅。其他三个就没问题。很明显。我没通电返厂了
电机异响,如果在保修期内，直接送修大疆做检查，记得把备用桨叶换上，如果机器表面没有摔过的痕迹就不要告诉大疆有炸机过，等大疆检测，像什么电机异响，螺丝柱断裂什么的有几率免费让大疆帮你修
电机异响,可能是摔过后第三方换的壳大疆每年都有一次免费检修的服务，让卖家找点小问题邮寄过去，像什么电机异响，充电冲不进去，电机异响，邮寄到大疆总部检修，然后让大疆邮寄给你，这多半就没有问题，要是还不放心，寄修后24还是48小时可以还可以买随心换
电机异响,避障报错现在还没遇到。但是刚刚刷到另外一个博主的电机异响。和我的电机一样的声音我们是第一批试机的大怨种啊我擦，明天录个视频给大疆看看这是怎么回事。
电机异响,镜头掉漆。 有一个电机异响
电机异响,收到次日就去试飞了，电机异响…眼镜有3处坏点…一处正中间，一处左眼位置。大疆avata的品控不咋地呀，等着京东取货检测退货了。视频清晰度方面不知道为啥，画质对比一代FPV不够柔和，超广角画质总觉得树都是一闪一闪。连接上视频拍照切换总是黑下屏。希望大疆认真对待品控
电机异响,差！飞机坠毁。首次起飞就炸鸡了。在N档正常飞行情况下，无风无雾无障碍物，突然电机异响，动力失衡，飞机自由落体坠落（有最后30秒视频），吓死我了，这么大一块东西要是掉下来怎么办……这飞机绝对有问题，已经联系大疆，京东你也跑不了责任！应该给我个解释。
怎么说呢换新回来可能也是异响寄回去让他换个好的电机可能还强点,怎么说呢换新回来可能也是异响寄回去让他换个好的电机可能还强点
但是刚刚刷到另外一个博主的电机异响,避障报错现在还没遇到。但是刚刚刷到另外一个博主的电机异响。和我的电机一样的声音我们是第一批试机的大怨种啊我擦，明天录个视频给大疆看看这是怎么回事。
如果是电机问题的话是会有异响的,如果是电机问题的话是会有异响的，而且飞行姿态会一直异常的
有一个电机异响,镜头掉漆。 有一个电机异响
你们的电机有异响吗,你们的电机有异响吗
电机异响…,收到次日就去试飞了，电机异响…眼镜有3处坏点…一处正中间，一处左眼位置。大疆avata的品控不咋地呀，等着京东取货检测退货了。视频清晰度方面不知道为啥，画质对比一代FPV不够柔和，超广角画质总觉得树都是一闪一闪。连接上视频拍照切换总是黑下屏。希望大疆认真对待品控
突然电机异响,差！飞机坠毁。首次起飞就炸鸡了。在N档正常飞行情况下，无风无雾无障碍物，突然电机异响，动力失衡，飞机自由落体坠落（有最后30秒视频），吓死我了，这么大一块东西要是掉下来怎么办……这飞机绝对有问题，已经联系大疆，京东你也跑不了责任！应该给我个解释。
刚开始有提示电机异常,刚开始有提示电机异常，后来用手波动后没有提示了，但是有异响，刚刚已经寄出去了
电机无异常不需要更换,靠不靠谱看维修工程师吧，之前我mini2电机漆包线明显擦坏，几根线的铜都靠在一起了，用手拨动阻力也比其他三个要大，第一天寄过去第二天凌晨就寄回了，我一看报价单不对，怎么给我更换的机臂，遂发信息给大疆客服确认，大疆客服告诉我这个确实是只换了机臂没有换电机，然后又和南京售后客服对线，告知会将快递拦截并重新检查，拦截快递+检查又用了两天，重新检查后又告知我经检查试飞，电机无异常不需要更换，一个星期过去还没给我整明白，遂去贴吧发帖质疑大疆工程师专业性，发帖后当晚深圳总部就来人打电话告知已经更换电机+人员考核，然后送了我把雨伞
有时还报电机异常玩的非常不愉快,我每次带出去飞，每次都没飞过。感觉mini还是太，图传不行，抗风不行，有时还报电机异常玩的非常不愉快
电机在空中停转的话,电机在空中停转的话，你哭都没地方哭了
不知道某些人4个电机停转时间不一样就检测检测,这才是真问题，不知道某些人4个电机停转时间不一样就检测检测
你那个是电机堵塞停转,你那个是电机堵塞停转，是不是撞到鸟了。如果是机器自身质量问题，找大疆大概率会赔。
几秒钟后紧接着就电机停转坠机,明显不是，因为最先是提醒了电机过载，画面没有任何晃动，几秒钟后紧接着就电机停转坠机，如果是撞鸟，肯定会晃动的
就是超调失控了说白了就是飞机重电机出力跟不上了很好解决就是把飞机调到非常迟钝大疆不愿意的,就是超调失控了说白了就是飞机重电机出力跟不上了很好解决就是把飞机调到非常迟钝大疆不愿意的
这玩意加上高原电机过载,4级悬，mini都容易回不来。这玩意加上高原电机过载，差不多刚飞起来就得降落了。根本拍不了东西
因为最先是提醒了电机过载,明显不是，因为最先是提醒了电机过载，画面没有任何晃动，几秒钟后紧接着就电机停转坠机，如果是撞鸟，肯定会晃动的
刚起飞就电机故障,这款无人机超级烂，刚起飞就电机故障，直接失控炸机，电池超级不耐用，在空中待一会儿就得下来换电池，加上来回飞行时间，真的太差了
但是又换另一个电机报警也是电机转速过快,我之前遇到，观察了报警的电机上的桨叶确实有磨损换了就好了，但是又换另一个电机报警也是电机转速过快，但是我观察了桨叶没有问题，我把上面的螺丝换了就没有报警了，螺丝松动和桨叶磨损都会导致这个警报，桨叶没问题换螺丝就好了，毕竟桨叶比螺丝贵多了，明白大疆为啥买一套桨叶配2套螺丝了么
有可能是避障失效,我一看到今晚，我就感觉没啥分析的必要了晚上无人机出事的概率很高，有可能是姿态模式，有可能是避障失效，机器已经过保了，数据分析120，做了估计和我描述的情况差不多，而且就算是无人机的问题，过保了也不会给你赔，所以我认为是没有太大必要的
应该避障失效,嗯，应该避障失效，过于信任机器
飞机的避障系统如果是在逆光太严重或者面向太阳的情况下也是有很大几率失效的,对了，飞机的避障系统如果是在逆光太严重或者面向太阳的情况下也是有很大几率失效的，你自己以后飞的时候注意。还有，视觉避障系统不是百分百能生效的，视觉避障会受很多因素影响，这个大疆应该在说明书或者什么地方有备注，这是物理限制，换成华为来做也做不到（这也是华为那个智能车为什么要配备几个激光雷达和毫米波雷达的原因）
夜晚避障失效不是常识吗,好家伙，看定位是在城市高楼密集里飞那么多人早就被捡走了，找不到很正常，夜晚避障失效不是常识吗？
速度太快避障会失效的,速度太快避障会失效的
是因为一件短片在晚上避障失效丢的,我的也是飞丟，是因为一件短片在晚上避障失效丢的，但是官方给六折换新（带长续航电池）
起飞的时候也会说视觉避障会失效,晚上避障那个标识会变红，起飞的时候也会说视觉避障会失效
鱼眼避障失效了,我御3今年炸过两次了，一次是海边低空运动档飞飞回来结果没调回普通档撞树上了，第二次是去海边追快艇，追了一公里结果下大雨了，丢星，信号一格，然后自动返航没法取消，鱼眼避障失效了，最后顶着暴雨回来撞树上，结果就是坏了个鱼眼和GPS
开运动档就可以了避障失效,开运动档就可以了避障失效
晚上避障失效不是质量问题,那叫晚上存在问题吗，去搜搜避障的工作原理好不好，除非你能把晚上整的根白天一样亮，晚上避障失效不是质量问题，是没这个技术，所有大疆无人机都这样
买的时候不是提醒说夜间避障失效么,买的时候不是提醒说夜间避障失效么
避障可能失效,会提示亮度低，避障可能失效
飞机晚上避障功能会失效,大家一定要注意，飞机晚上避障功能会失效，晚上飞的话 一定要万分小心，不能依赖避障
360度避障失效,实事求是说问题，昨晚航拍，御3经典，12%电量强制降落，无法人为干预，360度避障失效，导致飞机落在大型公园里一棵20米高的树上。我根据找飞机功能和飞机的提示音和闪烁灯，发现了其在我无法触及的高点。我联系京东大疆客服，客服的回复是让我等待官方工作人员电话，大概过了1个小时，大疆客服给我回话，让我自己联系消防队去帮忙。或者上传飞行记录。当时公园里没有wifi和流量信号，手柄获取不到热点信号，无法上传飞行记录。我一点不担心有人会捡走飞机或者谁给偷走了，因为它实在太高了。唯一担心的是怕有风把树吹动导致它落下来摔碎了！可惜大疆对这种问题，根本没有任何主动处理和有效处理的方式，完全靠机主自己想办法！而且飞机是自己失灵，强制降落，操控杆失效、避障失效（能落在树上，可想而知）。幸亏晚上没风，如果按他们要求的操作，如果这个过程中来风导致损毁，肯定是机主自己负责任的。最后也是自己想办法调来举高车，取了下来！感谢园区的工作人员配合，和兄弟们的帮助！质疑大疆的售后服务理念和能力！
避障失效（,实事求是说问题，昨晚航拍，御3经典，12%电量强制降落，无法人为干预，360度避障失效，导致飞机落在大型公园里一棵20米高的树上。我根据找飞机功能和飞机的提示音和闪烁灯，发现了其在我无法触及的高点。我联系京东大疆客服，客服的回复是让我等待官方工作人员电话，大概过了1个小时，大疆客服给我回话，让我自己联系消防队去帮忙。或者上传飞行记录。当时公园里没有wifi和流量信号，手柄获取不到热点信号，无法上传飞行记录。我一点不担心有人会捡走飞机或者谁给偷走了，因为它实在太高了。唯一担心的是怕有风把树吹动导致它落下来摔碎了！可惜大疆对这种问题，根本没有任何主动处理和有效处理的方式，完全靠机主自己想办法！而且飞机是自己失灵，强制降落，操控杆失效、避障失效（能落在树上，可想而知）。幸亏晚上没风，如果按他们要求的操作，如果这个过程中来风导致损毁，肯定是机主自己负责任的。最后也是自己想办法调来举高车，取了下来！感谢园区的工作人员配合，和兄弟们的帮助！质疑大疆的售后服务理念和能力！
而且是飞机避障功能失效,超级差，飞机说明是全向避障，遇到大树直接撞上，掉落后，检测结果让人无法接受，如此脆弱的产品。核心板都会坏，在保修期内，需要自费。而且是飞机避障功能失效。店家说无权限处理。大疆太让人失望，店大欺客。难怪中国企业只会收割国人
我只是后避障失效,我只是后避障失效，他就给我全免费，一共1027
避障失效和抖动我也出现过,避障失效和抖动我也出现过，还有小白控过热连不上飞行器的尴尬
多次举报也不正面回复避障失效,完全一样的问题！然后大疆完美处理：说机身进入姿态模式导致，本模式问题不属于质保，多次举报也不正面回复避障失效，信号（就在我头顶面前的距离，空旷户外）失效问题
第一次在智利飞丢避障功能失效,大疆就是垃圾，第一次在智利飞丢避障功能失效。今年第二台御2Pro在意大利就是同样问题，大疆不负任何责任，只能同型号给购买折扣，并且折扣很少，我都忘了多少折扣了。现在戒飞无人机了。
请问避障失效,楼主，请问避障失效，起飞的时候状况怎么样，是不是飞到黑暗的地方了？遥控器有没有写避障
运动模式默认是会关闭避障的,先开跟随后切sport一样跟随，我air2这样飞都一年多了。运动模式默认是会关闭避障的，但是在上坡下坡情况下跟随，飞机依然能自动调节合适高度
就自动关闭避障,御2是速度超过12米每秒，就自动关闭避障。不知道2s是不是也是这样
可以关闭夏视觉避障,可以关闭夏视觉避障。
关闭避障呢,关闭避障呢
关闭自能避障,关闭自能避障
晚间是不是提示某些方向避障系统关闭了,夜间飞行本身就有很多不确定。城市飞行需要考虑很多因素比如信号塔密集的地方会干扰、比如禁飞区也会干扰、晚间是不是提示某些方向避障系统关闭了。因为你自己原因导致的炸机你就自己负责任，不是谁发个抖音谁就有理
我都是关闭避障的,我都是关闭避障的
可以关闭避障啊,可以关闭避障啊
关闭避障就好了,关闭避障就好了
新固件可以关闭视觉定位与避障,新固件可以关闭视觉定位与避障，而且如果下视觉受到遮挡的话，飞机只会缓慢降落，无人机是有气压计的，不触地不会停桨
air3没有关闭下视觉避障的这个功能只有御系列的才有,air3没有关闭下视觉避障的这个功能只有御系列的才有
真是犟的你去搜搜a3的问题吧无法关闭的下视觉避障知道吗只能关前后左右上面下视觉无法关闭就会导致识别错误降落有风险,真是犟的你去搜搜a3的问题吧无法关闭的下视觉避障知道吗只能关前后左右上面下视觉无法关闭就会导致识别错误降落有风险
光线不足就会自动关闭避障功能,光线不足就会自动关闭避障功能，造成炸机，容易损毁严重。售后也不免费维修，需要自己承担高额的维修费用。使用体验极差，没有网上宣传的智能。
全向避障避不开电线和小树枝,全向避障避不开电线和小树枝
和没有避障抗风差的mini平起平坐了,也不是各个都有毛病，对于大疆其他型号，这个毛病和炸机率是最高的，和没有避障抗风差的mini平起平坐了
避障在夜晚和光线弱的情况下本来就是没有用的,你了解了解知识在来bb好吗？避障在夜晚和光线弱的情况下本来就是没有用的。不是传感器出故障了，本来晚上就不行产品说明上有自己不去学习怪谁？汽车的无人辅助驾驶出事你让无人驾驶赔偿？自己用不明白怪别人产品
侧飞没有避障,绝对是侧飞了，侧飞没有避障，只有前后下，你看说明书了吗？避障只是最后保命的稻草，你拿来当主要功能用？
虽然没避障但是有全包保护罩,虽然没避障但是有全包保护罩，又会撞到哪
避障报错现在还没遇到,避障报错现在还没遇到。但是刚刚刷到另外一个博主的电机异响。和我的电机一样的声音我们是第一批试机的大怨种啊我擦，明天录个视频给大疆看看这是怎么回事。
还有侧飞跟拍没避障还非要这么搞,典型的技术不行怪产品。还有侧飞跟拍没避障还非要这么搞，那就是黑了
该避障异常在mini4pro机型就出现过,该避障异常在mini4pro机型就出现过，我曾两台机器也这样，直接要求大疆换新，在高空百米出现
避障还显示异常,air3今天飞了两次，第一次还一点问题没有，第二次有一点小雨还有一点雾，三百多米远就有点卡图传，避障还显示异常，真没搞懂
A3也出现了避障异常的情况,升级DJi fly 后，A3也出现了避障异常的情况
姿态异常也是因为避障,姿态异常也是因为避障
避障误报是大疆所有带避障机型都会出现的情况,避障误报是大疆所有带避障机型都会出现的情况，缺陷个毛
夜景稍微后期降下噪就很好了适合拥有后期能力的买家购买小白也适合全向避障让你飞的安心降低炸机概率,操作难易：上手轻松容易灵敏度：飞行操作跟手性非常舒服稳定性：悬停十分平稳其他特色：夜景稍微后期降下噪就很好了适合拥有后期能力的买家购买小白也适合全向避障让你飞的安心降低炸机概率
等下一代降低噪音以及全向避障,等下一代降低噪音以及全向避障
a3下视觉避障关不了的,a3下视觉避障关不了的
a3关不了全部避障,a3关不了全部避障
a3关不了避障,a3关不了避障
下视觉红外感应的问题关不了避障就挺麻烦的,下视觉红外感应的问题关不了避障就挺麻烦的
a3关不了下视觉避障的,a3关不了下视觉避障的
下视避障是关不了的,下视避障是关不了的
避障错误我遇了,避障错误我遇了
空中悬停避障报警,我也是，空中悬停避障报警，还有就是感觉在空中有点不听使唤
买3几天出现避障报错无法前进,买3几天出现避障报错无法前进，高空丢失GPS定位几分钟
希望这neo撞了之后别像avata2一样gps失控乱飞吧,希望这neo撞了之后别像avata2一样gps失控乱飞吧
gps信号稳定前容易偏移,无人机新手，眼镜飞行体验非常好，更多是冲着眼镜买的，易上手，操作难度低，有护框炸机概率明显降低，很适合新手入门。操作难易：体感手柄操作逻辑很容易上手，操作简单，室内也可以轻松控制。m档目前还没有，复杂动作还是需要另配遥控器。稳定性：空旷区域图传稳定，暂时还没试过遮挡情形。搜星需要一定时间，gps信号稳定前容易偏移。其他特色：第一次小区试飞是阴天，没注意gps信号弱，起飞后风大明显偏移，直接吹偏撞到高楼外墙后掉到十几层楼高度人家阳台外面小平台，好在反乌龟功能给力，抢救成功，要不就只能提控回家了。切身体会：1 抗风能力偏弱，gps信号稳定前谨慎飞行；2 反乌龟+机身护框对新手非常友好，极大降低炸鸡概率； 3 复杂环境下建议另外多个人观察，戴眼镜无法观察到飞机位置，出现偏移容易炸鸡。
gps干扰,gps干扰？
再加上室内gps定位干扰严重,我觉得因为这款机器 除了下视就没有任何视觉传感系统，再加上室内gps定位干扰严重，乱飞太正常了
一会说gps不准,大家看大疆无人机的售后，名不虚传的差。设好的航点飞行，宽大环境，有信号的情况下飞偏撞机，造成轻微零件损坏（镜面挡板脱落+单个避障玻璃碎，就要收我649元，成本可能就30块钱），这点担当都没有。责任清晰，一会说操作不当，一会说gps不准，就是不承担，反正就不说是机器问题，来回反馈汇报7天不解决！（5月11号买的air3，没找你们要差价，机器问题还赖我！）案例号：CAS-16781898-R1B8S4     大疆创新授权推荐官     大疆创新 
经过几次力争才认可是大疆飞机的定位系统发生错误给换了新机,r大疆大疆无人机让我欢喜让我忧，从开始购买到现在四架次的炸机质量让玩者的我信任感全无。第一次的炸机是无法返回就没电强行降落，客服沟通解释说电池用久了，只能补机认了。补机刚刚满一个月又在二十几米高空，距离两百多米失联坠海，客服解释是几棵树挡住信号，后来工程师说有座六层楼的一个角挡住信号，真的奔溃大疆就这个质量？只能再补机。第三部收到第二天试机自动返航到十来米竟然就不听使唤正面撞墙，经过多次沟通寄回检测，客服解释是我的问题需要交维修费，发了维修账单让我付款，经过几次力争才认可是大疆飞机的定位系统发生错误给换了新机，真的累。改签机票终于拿到换来的新机，八月28号拿到新机至九月#大疆无人机2号飞的苦恼
gps断开连接 ,才飞丢一个  gps断开连接 就只保存了失联位置看着飞机飘走
突然失联也没自动导航,我今天也是跟你一样的情况，没有障碍物，突然失联也没自动导航，自己坠落了
无人机即使关闭导航,这还真算推脱，所有无人机广告宣传都是除了极端恶劣天气，无人机即使关闭导航，定位系统，遥控器关机都能自动安全返回，无法返回现象只能算质量问题或虚假宣传
看视频大概率是电路板故障了,看视频大概率是电路板故障了，可能是锈蚀造成短路导致的，云台那个抖动随后失控明显是云台烧了，应该是短路，原因就很多了，穿云、环境潮湿、部件老化等
下视传感器又遮挡,下视传感器又遮挡
用了几天就出现传感器异常,我的air3刚换新，用了几天就出现传感器异常，出现三次，不能悬停，乱飘。。。直接换新，反正十五天以内，大疆说检测没有问题，但是我当时拍了视频作为证据，他们说了一大堆还是给我换新了，新机目前使用下来正常
突然间就提示传感器异常,由室内飞至室外，突然间就提示传感器异常，然后就是失控，炸机！！！大疆客服回复因为你选择的环境因素导致的炸机，与机器无关！我们不建议你在室内飞行，也不建议在室外有风条件下飞行，那我买它飞哪？？？稳定性：差，动力非常弱👎做工质量：炸机，电池必丢！
结果下视传感器异常,收到后迫不及待试飞，结果下视传感器异常，按照客服的建议一步步操作，最终发现只能返厂。于是15天换新了，还不错，这个服务和速度确实满意。希望新机收到后一切顺利！
你看看跟的那辆车是不是电动的那种电动的车会烧传感器导致飞行炸机,你看看跟的那辆车是不是电动的那种电动的车会烧传感器导致飞行炸机。
不是传感器出故障了,你了解了解知识在来bb好吗？避障在夜晚和光线弱的情况下本来就是没有用的。不是传感器出故障了，本来晚上就不行产品说明上有自己不去学习怪谁？汽车的无人辅助驾驶出事你让无人驾驶赔偿？自己用不明白怪别人产品
你先搞明白是自己操作问题还是传感器故障,你先搞明白是自己操作问题还是传感器故障。
我的avatar电池接口松了发回去免费更换还有四个桨叶,我的avatar电池接口松了发回去免费更换还有四个桨叶，下视觉啥的也换了都是免费的然后还顺丰把来回邮费都包了，真的太爽了
像这种情况就有可能是你无人机上的电池接口坏掉了,像这种情况就有可能是你无人机上的电池接口坏掉了，或者是电池没插紧，我的a2就是电池没插紧，就无法获得电池信息，但是有图传
故障很可能是出在接口上,大概率不是电池故障，故障很可能是出在接口上，接触不良导致的电池检测信息不能正常回传，这时无人机就会出现判断失误，其实电池还有电，只是飞机认为没电了。
我的Air2芯片过热,我的Air2芯片过热，已经送去维修了
应该是直线爬升图传芯片过热了,应该是直线爬升图传芯片过热了
系统提示芯片过热,到手试飞了，写写感受：1.飞行器开机后，很快芯片发热太明显，这是功耗高的情况吧。2.试飞过程，系统提示芯片过热，随即降落关机了。大疆的工程师，能不能给个解释。3.几乎所有部件都是工程塑料，特别是上下左右的调控杆，还有前进-后退的@，用工程塑料，令人感觉品质不高。本人不是专业人士，对这个情况，也想请教大疆工程师。
很快芯片发热太明显,到手试飞了，写写感受：1.飞行器开机后，很快芯片发热太明显，这是功耗高的情况吧。2.试飞过程，系统提示芯片过热，随即降落关机了。大疆的工程师，能不能给个解释。3.几乎所有部件都是工程塑料，特别是上下左右的调控杆，还有前进-后退的@，用工程塑料，令人感觉品质不高。本人不是专业人士，对这个情况，也想请教大疆工程师。
那是功放芯片坏掉了,那是功放芯片坏掉了
寄过去也说主板损坏,全新置换，换过来的机子一直没去试飞，等飞的时候发现信号总是中断，寄过去也说主板损坏，叫我付费维修九百多，非常坑的大疆，机子本身的问题也叫我们付费    
GPS和主板摔坏,普通档当玩具玩没问题，但是飞几次就腻了，画面摇摇晃晃的没法拍视频。M档对比1代太不耐炸了，应该跟桨叶正置的设计有关，上一代是反置，而且有坚固独立的保护圈。这代桨叶支架包括机身都很脆弱。我离飞机50米远的距离试飞M档正向翻滚，当时在公园的草地，飞机落下时眼镜显示无图传信号了，大概就4，5米的高度落下来，结果就摔黑屏了，连接不上飞机。邮寄到大疆报修，GPS和主板摔坏，大疆坚称没有出现信号丢失问题，维修费太高只能走随心换。建议M档玩家慎拍：1代的死亡掉头死亡翻滚等没有解决，耐炸性却又大幅降低！
这是轴承有缺陷,这是轴承有缺陷
这样轴承磨损更快后面电机会动平衡变差但是有云台无人机来说对画质没影响,轴承问题，这样轴承磨损更快后面电机会动平衡变差但是有云台无人机来说对画质没影响。但是电机会变得更耗电
少了原来天线的易损坏件,手柄改进非常好，少了原来天线的易损坏件，还有驾驶感非常好👌
前几天拿出来APP却一堆报错（,大疆产品在我们这群模型爱好者心中是NO.1的，售后服务也有很好体验。我作为精灵3S、3a、精灵4、精灵4Pro、御、mavic air、悟2的消费者，除了3s外，其他都很满意，也确实很大疆。 在2020年2月份的时候购买了一台mini全能套，刚买回来几天比较爱玩，后来因为疫情在家，加上一般飞精灵4Pro，所以就一直放着了，前几天拿出来APP却一堆报错（附下图）。因为只玩了几天就出现这种情况，因为疫情原因错过了15天更换的周期，突然感觉自己买的新车刚开出4s店就要求我更换发动机的感觉，突然想到了西安奔驰女车主事件，我买了一套新的mini，现在直接就变成维修机了。 希望mini也能做好质量控制，毕竟作为大疆爱好者，新机器出来我都要买一台回来玩玩，不希望花钱还出现不愉快的体验。希望四大美女能够帮忙解决这个问题，唐伯虎说不要删帖！
APP自检没有报错,炸鸡了，请问好友们如果返厂维修要多少钱？前面壳凹了。 寄去大疆厂家前DJI GO 4 APP自检没有报错，全部正常。寄去大疆厂家后他们果然检测出了“问题”。 经检测，定损结果为：后机臂组件（左）内卡柱、后机臂组件（右）内卡柱开裂/断裂，云台轴臂组件（一英寸-P） （RH）故障，由于您的产品现已超出保修范围，需要您付费处理。遥控器、电池检测正常。由于您的产品现已超出保修范围，DJI 大疆将不再提供免费数据分析服务。
这次2S因避障失效炸机导致云台支架断裂,案例号CAS-15377000-Z0F1F8，机器是2023年3月份购买，10月份已经寄修了几次，维修的时间都占据了一个月，这其中都是默默的支持我们的国货之光大疆没有怨言。这次2S因避障失效炸机导致云台支架断裂，前上避障模块组件变形，开机测试机器能正常工作，寄售后检测报告显示，后机臂只是有一点间隙，外观和功能正常被判定要更换前后机臂并需付费更换，相机同轴线功能正常无断裂被判定为磨损需要付费更换，其它小配件也是一些也需要付费更换，这是不是要割韭菜😂，小修变中修、中修变大修！作为国人之光的大疆，希望大疆创新给予合理的解释@夏青，本人诉求机器在保修期内应给予正常的免费维修或更换
视觉系统及避障失效,反复提示环境光线变化大 视觉系统及避障失效。这个是啥意思，御三飞行中反复几次提示，是大白天光线也正常，为啥有这个提示？
视觉系统避障失效”,昨天傍晚在飞御3的时候，由于环境光线变暗，系统提示“视觉系统避障失效”，然后就悬停了，无论怎么打杆都无效，最后按返航才回来。然后再次在面前测试，也出现悬停打杆无效的情况，但多打几次还是能动。请问各位这是怎么回事？
大疆air2s后视避障失效,2021年12月19日，在杭州临安青山湖水上森林采用自动跟随拍摄，前行时没问题，在后退过程中，大疆air2s后视避障失效，螺旋桨打到树干上，掉到水里。然后大冬天的下水捞机。还好没有砸到人。砸到人那个问题就大了。
针对我提出的避障功能失效出现的炸机,今天早上，使用大疆御2专业版无人机进行智能自动环绕飞行，飞行过程中遇到高楼，画面中看到往大楼冲去，没容我手动操作，眨眼间撞上楼体，随即粉身碎骨。 由此可见，大疆宣传的御系列避障功能在这里在这里显得一片苍白。 特别令人不明白的是，我带着这个问题向客服咨询，大疆的答复令人生疑。针对我提出的避障功能失效出现的炸机，客服一再答复超过12个月出现问题就不负责了，要由客户自行负责。 国家明确规定，企业应该对寿命期内的电子产品质量安全终身负责，如果使用了一年就没有安全保障，谁还敢买谁还敢用？
环境光过暗避障失效”,软件在回放轨迹数据时，一旦提示“环境光过暗避障失效”，然后很快在屏幕左下角的动态数据变化就“假死”了。 这时，除了蓝色轨迹条和行程进度条会动，其它数据都不动。 我翻看了很多条带有“避障失效”提示的数据回放，发觉几乎全部都有这样的问题，回放数据不能完整观看。 但是哈，在大白天没有提示环境光暗的飞行数据，却可以完整显示。 貌似这个问题从一开始飞就有，只不过现在才发觉，因为，我差点因此炸机才会注意到.... 前些天，在飞行过程中，数据后台记录中断了，当时飞了一半的电量，然后这个数值（48%）就一直出现在屏幕里，没变化.... 直到猛然出现低电量返航模式，最后都0电量了，屏幕里的电池提示居然还是48%.... .....差点爽死.... 唉 但这种情况我只遇到过一次，后来同一块电池，反复实验，未见重复。 不过，这才是最可怕的地方，查不出来的问题，才是致命的问题啊
避障失效”,昨天傍晚在飞御3的时候，由于环境光线变暗，系统提示“视觉系统避障失效”，然后就悬停了，无论怎么打杆都无效，最后按返航才回来。然后再次在面前测试，也出现悬停打杆无效的情况，但多打几次还是能动。请问各位这是怎么回事？
避障失效”,软件在回放轨迹数据时，一旦提示“环境光过暗避障失效”，然后很快在屏幕左下角的动态数据变化就“假死”了。 这时，除了蓝色轨迹条和行程进度条会动，其它数据都不动。 我翻看了很多条带有“避障失效”提示的数据回放，发觉几乎全部都有这样的问题，回放数据不能完整观看。 但是哈，在大白天没有提示环境光暗的飞行数据，却可以完整显示。 貌似这个问题从一开始飞就有，只不过现在才发觉，因为，我差点因此炸机才会注意到.... 前些天，在飞行过程中，数据后台记录中断了，当时飞了一半的电量，然后这个数值（48%）就一直出现在屏幕里，没变化.... 直到猛然出现低电量返航模式，最后都0电量了，屏幕里的电池提示居然还是48%.... .....差点爽死.... 唉 但这种情况我只遇到过一次，后来同一块电池，反复实验，未见重复。 不过，这才是最可怕的地方，查不出来的问题，才是致命的问题啊
避障系统突然失效（,NB啊 大疆 居然还删帖呢。。。厉害了厉害了 前段时间8月16日20：45左右，在重庆龙门浩老街无人机降落时，避障系统突然失效（没错是突然，根本来不及反应，0.5秒以内的时间就怼到墙上了），避障失效也没有任何提示（飞行记录视频），本来撞了也就撞了 本身也就离地1米左右 速度也没太起来 看无人机没啥大事 就算了 还继续又飞了几次，但之后就比较注意了，就发现前避障居然会间歇性的关闭（图2），没错 不是什么大疆的检测报告里面写的误触发啊什么的，是关闭！就是开运动模式会出现的那种图标变红，但是运动模式是前后都红，这个故障的时候只是前避障红，发现这个问题后就感觉可能是有些问题就问客服嘛。客服看了也说有问题就检测嘛，检测了也就说人为造成的嘛。反正肯定不是本身的质量问题嘛，对吧~摄像头云台直接正面装上去都还好好的，前后避障都没直接碰撞居然给我说都坏了，666啊，就是这么巧对吧 反正鉴定结果所说的避障问题我还真没遇到过（图1），所以真正问题反正是没检查出来也没给个解释，有问题的反正都是人为导致的。 反正大疆的答复就是现场环境暗，视觉避障是失效的~ 但是飞行器上怎么没有警告呢（如图3、4）？你说失效就失效？你说太暗就太暗？光线太暗避障失效了不是有飞行警示吗？怎么没有飞行警示的情况下你们都能判断现场过暗避障失效？未必环境过不过按只有通过大疆专业技术人员的眼睛才能判断出来？飞行器本身根本就是无法判断的？就是一个有严重问题安全隐患的产品？就像安全气囊不一定能弹出来但却没有任何故障提示？出了车祸死了说是人为没开好？
避障失效也没有任何提示（,NB啊 大疆 居然还删帖呢。。。厉害了厉害了 前段时间8月16日20：45左右，在重庆龙门浩老街无人机降落时，避障系统突然失效（没错是突然，根本来不及反应，0.5秒以内的时间就怼到墙上了），避障失效也没有任何提示（飞行记录视频），本来撞了也就撞了 本身也就离地1米左右 速度也没太起来 看无人机没啥大事 就算了 还继续又飞了几次，但之后就比较注意了，就发现前避障居然会间歇性的关闭（图2），没错 不是什么大疆的检测报告里面写的误触发啊什么的，是关闭！就是开运动模式会出现的那种图标变红，但是运动模式是前后都红，这个故障的时候只是前避障红，发现这个问题后就感觉可能是有些问题就问客服嘛。客服看了也说有问题就检测嘛，检测了也就说人为造成的嘛。反正肯定不是本身的质量问题嘛，对吧~摄像头云台直接正面装上去都还好好的，前后避障都没直接碰撞居然给我说都坏了，666啊，就是这么巧对吧 反正鉴定结果所说的避障问题我还真没遇到过（图1），所以真正问题反正是没检查出来也没给个解释，有问题的反正都是人为导致的。 反正大疆的答复就是现场环境暗，视觉避障是失效的~ 但是飞行器上怎么没有警告呢（如图3、4）？你说失效就失效？你说太暗就太暗？光线太暗避障失效了不是有飞行警示吗？怎么没有飞行警示的情况下你们都能判断现场过暗避障失效？未必环境过不过按只有通过大疆专业技术人员的眼睛才能判断出来？飞行器本身根本就是无法判断的？就是一个有严重问题安全隐患的产品？就像安全气囊不一定能弹出来但却没有任何故障提示？出了车祸死了说是人为没开好？
视觉避障是失效的~,NB啊 大疆 居然还删帖呢。。。厉害了厉害了 前段时间8月16日20：45左右，在重庆龙门浩老街无人机降落时，避障系统突然失效（没错是突然，根本来不及反应，0.5秒以内的时间就怼到墙上了），避障失效也没有任何提示（飞行记录视频），本来撞了也就撞了 本身也就离地1米左右 速度也没太起来 看无人机没啥大事 就算了 还继续又飞了几次，但之后就比较注意了，就发现前避障居然会间歇性的关闭（图2），没错 不是什么大疆的检测报告里面写的误触发啊什么的，是关闭！就是开运动模式会出现的那种图标变红，但是运动模式是前后都红，这个故障的时候只是前避障红，发现这个问题后就感觉可能是有些问题就问客服嘛。客服看了也说有问题就检测嘛，检测了也就说人为造成的嘛。反正肯定不是本身的质量问题嘛，对吧~摄像头云台直接正面装上去都还好好的，前后避障都没直接碰撞居然给我说都坏了，666啊，就是这么巧对吧 反正鉴定结果所说的避障问题我还真没遇到过（图1），所以真正问题反正是没检查出来也没给个解释，有问题的反正都是人为导致的。 反正大疆的答复就是现场环境暗，视觉避障是失效的~ 但是飞行器上怎么没有警告呢（如图3、4）？你说失效就失效？你说太暗就太暗？光线太暗避障失效了不是有飞行警示吗？怎么没有飞行警示的情况下你们都能判断现场过暗避障失效？未必环境过不过按只有通过大疆专业技术人员的眼睛才能判断出来？飞行器本身根本就是无法判断的？就是一个有严重问题安全隐患的产品？就像安全气囊不一定能弹出来但却没有任何故障提示？出了车祸死了说是人为没开好？
光线太暗避障失效了不是有飞行警示吗,NB啊 大疆 居然还删帖呢。。。厉害了厉害了 前段时间8月16日20：45左右，在重庆龙门浩老街无人机降落时，避障系统突然失效（没错是突然，根本来不及反应，0.5秒以内的时间就怼到墙上了），避障失效也没有任何提示（飞行记录视频），本来撞了也就撞了 本身也就离地1米左右 速度也没太起来 看无人机没啥大事 就算了 还继续又飞了几次，但之后就比较注意了，就发现前避障居然会间歇性的关闭（图2），没错 不是什么大疆的检测报告里面写的误触发啊什么的，是关闭！就是开运动模式会出现的那种图标变红，但是运动模式是前后都红，这个故障的时候只是前避障红，发现这个问题后就感觉可能是有些问题就问客服嘛。客服看了也说有问题就检测嘛，检测了也就说人为造成的嘛。反正肯定不是本身的质量问题嘛，对吧~摄像头云台直接正面装上去都还好好的，前后避障都没直接碰撞居然给我说都坏了，666啊，就是这么巧对吧 反正鉴定结果所说的避障问题我还真没遇到过（图1），所以真正问题反正是没检查出来也没给个解释，有问题的反正都是人为导致的。 反正大疆的答复就是现场环境暗，视觉避障是失效的~ 但是飞行器上怎么没有警告呢（如图3、4）？你说失效就失效？你说太暗就太暗？光线太暗避障失效了不是有飞行警示吗？怎么没有飞行警示的情况下你们都能判断现场过暗避障失效？未必环境过不过按只有通过大疆专业技术人员的眼睛才能判断出来？飞行器本身根本就是无法判断的？就是一个有严重问题安全隐患的产品？就像安全气囊不一定能弹出来但却没有任何故障提示？出了车祸死了说是人为没开好？
怎么没有飞行警示的情况下你们都能判断现场过暗避障失效,NB啊 大疆 居然还删帖呢。。。厉害了厉害了 前段时间8月16日20：45左右，在重庆龙门浩老街无人机降落时，避障系统突然失效（没错是突然，根本来不及反应，0.5秒以内的时间就怼到墙上了），避障失效也没有任何提示（飞行记录视频），本来撞了也就撞了 本身也就离地1米左右 速度也没太起来 看无人机没啥大事 就算了 还继续又飞了几次，但之后就比较注意了，就发现前避障居然会间歇性的关闭（图2），没错 不是什么大疆的检测报告里面写的误触发啊什么的，是关闭！就是开运动模式会出现的那种图标变红，但是运动模式是前后都红，这个故障的时候只是前避障红，发现这个问题后就感觉可能是有些问题就问客服嘛。客服看了也说有问题就检测嘛，检测了也就说人为造成的嘛。反正肯定不是本身的质量问题嘛，对吧~摄像头云台直接正面装上去都还好好的，前后避障都没直接碰撞居然给我说都坏了，666啊，就是这么巧对吧 反正鉴定结果所说的避障问题我还真没遇到过（图1），所以真正问题反正是没检查出来也没给个解释，有问题的反正都是人为导致的。 反正大疆的答复就是现场环境暗，视觉避障是失效的~ 但是飞行器上怎么没有警告呢（如图3、4）？你说失效就失效？你说太暗就太暗？光线太暗避障失效了不是有飞行警示吗？怎么没有飞行警示的情况下你们都能判断现场过暗避障失效？未必环境过不过按只有通过大疆专业技术人员的眼睛才能判断出来？飞行器本身根本就是无法判断的？就是一个有严重问题安全隐患的产品？就像安全气囊不一定能弹出来但却没有任何故障提示？出了车祸死了说是人为没开好？
起飞之后发现前后避障失效了,如题，降落时候我是向下打杆降落的，没有用一键降落，下方是个台阶，但是无人机没识别到，突然失去平衡摔了下去，摔坏了一个机臂上的灯，但是还能起飞，起飞之后发现前后避障失效了，用手接近无人机很近也无法识别，这种情况给免费维修嘛，还是说因为没用一键降落会判定责任在我
下视避障就失效,Air有个穿云设想，调到运动模式，下视避障就失效，就不会降落不了了？不知是否可行？
今天飞机在空中飞的时候多次出现避障失效告警,今天飞机在空中飞的时候多次出现避障失效告警，降落后换了块电池重新飞也出现了，大伙知道大概什么原因导致的吗？飞行的时候天空明亮，没有到云层，偶有大风。
竟然避障失效,今天航点飞行炸鸡了，竟然避障失效，撞到楼房掉下来，50m高。 先把航线飞了一遍，设置好航点，用掉了50%的电量，落地换上新电池再调出航线来飞。 新的航点飞行发现有几个问题： 1、避障失效问题，有点莫名其妙，起飞前看过是开启此功能的。 2、航点飞行时选择的自由模式，飞机朝向还能调节，但是镜头俯仰操作不了，难道是我设置的问题？ 3、新的飞控系统设置航点是直接在地图上用手点即可，这个确实方便，但也很容易出现位置偏差，地图放大后再点也很难就是飞机在的位置，找半天没不到按钮来设置航点，精灵4是按钮式的，不知道是不是我没找到。 另外：遥控器上有个中止飞行按键，要学会用，慌神的时候按一下其实很好，平时习惯了手控，建议大家也要多用用。今天看着飞机撞墙落下很后悔不熟这个按键。 飞机已快递去大疆做数据分析，看看为什么会避障失效。
避障失效问题,今天航点飞行炸鸡了，竟然避障失效，撞到楼房掉下来，50m高。 先把航线飞了一遍，设置好航点，用掉了50%的电量，落地换上新电池再调出航线来飞。 新的航点飞行发现有几个问题： 1、避障失效问题，有点莫名其妙，起飞前看过是开启此功能的。 2、航点飞行时选择的自由模式，飞机朝向还能调节，但是镜头俯仰操作不了，难道是我设置的问题？ 3、新的飞控系统设置航点是直接在地图上用手点即可，这个确实方便，但也很容易出现位置偏差，地图放大后再点也很难就是飞机在的位置，找半天没不到按钮来设置航点，精灵4是按钮式的，不知道是不是我没找到。 另外：遥控器上有个中止飞行按键，要学会用，慌神的时候按一下其实很好，平时习惯了手控，建议大家也要多用用。今天看着飞机撞墙落下很后悔不熟这个按键。 飞机已快递去大疆做数据分析，看看为什么会避障失效。
看看为什么会避障失效,今天航点飞行炸鸡了，竟然避障失效，撞到楼房掉下来，50m高。 先把航线飞了一遍，设置好航点，用掉了50%的电量，落地换上新电池再调出航线来飞。 新的航点飞行发现有几个问题： 1、避障失效问题，有点莫名其妙，起飞前看过是开启此功能的。 2、航点飞行时选择的自由模式，飞机朝向还能调节，但是镜头俯仰操作不了，难道是我设置的问题？ 3、新的飞控系统设置航点是直接在地图上用手点即可，这个确实方便，但也很容易出现位置偏差，地图放大后再点也很难就是飞机在的位置，找半天没不到按钮来设置航点，精灵4是按钮式的，不知道是不是我没找到。 另外：遥控器上有个中止飞行按键，要学会用，慌神的时候按一下其实很好，平时习惯了手控，建议大家也要多用用。今天看着飞机撞墙落下很后悔不熟这个按键。 飞机已快递去大疆做数据分析，看看为什么会避障失效。
以便在避障系统失效或遇到特殊情况时能够迅速采取应对措施,前提：不同价位的无人机，避障功能是不一样的，请飞行前务必仔细阅读说明书和检查。 首先，避障系统虽然能够辅助无人机进行障碍物检测和规避，但其性能并非完美无缺。不同的避障技术，如超声波、毫米波雷达、激光雷达、红外避障、双目视觉等，都有其各自的优缺点和适用场景。例如，超声波和红外避障技术虽然成本较低，但作用距离有限，且对反射面的光整程度要求较高；而激光雷达虽然探测距离远、精度高，但容易受到镜面物体和太阳光的影响。双目视觉技术虽然能在小体积、低功耗的前提下获取高分辨率的深度图，但其稳定性和准确性仍受到一定限制。 其次，无人机在飞行过程中可能遇到各种复杂和不可预测的环境因素，如天气变化、地形起伏、电磁干扰等。这些因素都可能影响避障系统的性能，导致无人机无法准确识别和规避障碍物。 此外，无人机的飞行任务多种多样，包括航拍、植保、安防等。不同任务对无人机的飞行高度、速度、轨迹等有不同的要求，而这些要求可能影响避障系统的使用。例如，在某些任务中，无人机需要飞越树木、建筑物等障碍物，此时避障系统可能无法正常工作或需要进行复杂的参数调整。 最后，依赖避障系统飞行可能导致飞行员对无人机的操控能力下降。任何技术都有可能出现故障，依赖单一的避障系统意味着一旦该系统出现故障，无人机可能无法正确判断周围环境，从而导致飞行事故。飞行员需要时刻保持对无人机的观察和判断，以便在避障系统失效或遇到特殊情况时能够迅速采取应对措施。过度依赖避障系统可能使飞行员在关键时刻失去对无人机的掌控。 综上所述，虽然避障系统在无人机的飞行过程中起到了一定的辅助作用，但无人机不能完全依赖避障系统飞行。在实际应用中，需要综合考虑无人机的性能、任务需求、环境因素以及飞行员的操控能力等因素，确保无人机的安全飞行。
避障失效,案例号CAS-15377000-Z0F1F8，机器是2023年3月份购买，10月份已经寄修了几次，维修的时间都占据了一个月，这其中都是默默的支持我们的国货之光大疆没有怨言。这次2S因避障失效炸机导致云台支架断裂，前上避障模块组件变形，开机测试机器能正常工作，寄售后检测报告显示，后机臂只是有一点间隙，外观和功能正常被判定要更换前后机臂并需付费更换，相机同轴线功能正常无断裂被判定为磨损需要付费更换，其它小配件也是一些也需要付费更换，这是不是要割韭菜😂，小修变中修、中修变大修！作为国人之光的大疆，希望大疆创新给予合理的解释@夏青，本人诉求机器在保修期内应给予正常的免费维修或更换
避障失效,反复提示环境光线变化大 视觉系统及避障失效。这个是啥意思，御三飞行中反复几次提示，是大白天光线也正常，为啥有这个提示？
避障失效,昨天傍晚在飞御3的时候，由于环境光线变暗，系统提示“视觉系统避障失效”，然后就悬停了，无论怎么打杆都无效，最后按返航才回来。然后再次在面前测试，也出现悬停打杆无效的情况，但多打几次还是能动。请问各位这是怎么回事？
避障失效,2021年12月19日，在杭州临安青山湖水上森林采用自动跟随拍摄，前行时没问题，在后退过程中，大疆air2s后视避障失效，螺旋桨打到树干上，掉到水里。然后大冬天的下水捞机。还好没有砸到人。砸到人那个问题就大了。
避障失效,软件在回放轨迹数据时，一旦提示“环境光过暗避障失效”，然后很快在屏幕左下角的动态数据变化就“假死”了。 这时，除了蓝色轨迹条和行程进度条会动，其它数据都不动。 我翻看了很多条带有“避障失效”提示的数据回放，发觉几乎全部都有这样的问题，回放数据不能完整观看。 但是哈，在大白天没有提示环境光暗的飞行数据，却可以完整显示。 貌似这个问题从一开始飞就有，只不过现在才发觉，因为，我差点因此炸机才会注意到.... 前些天，在飞行过程中，数据后台记录中断了，当时飞了一半的电量，然后这个数值（48%）就一直出现在屏幕里，没变化.... 直到猛然出现低电量返航模式，最后都0电量了，屏幕里的电池提示居然还是48%.... .....差点爽死.... 唉 但这种情况我只遇到过一次，后来同一块电池，反复实验，未见重复。 不过，这才是最可怕的地方，查不出来的问题，才是致命的问题啊
避障失效,NB啊 大疆 居然还删帖呢。。。厉害了厉害了 前段时间8月16日20：45左右，在重庆龙门浩老街无人机降落时，避障系统突然失效（没错是突然，根本来不及反应，0.5秒以内的时间就怼到墙上了），避障失效也没有任何提示（飞行记录视频），本来撞了也就撞了 本身也就离地1米左右 速度也没太起来 看无人机没啥大事 就算了 还继续又飞了几次，但之后就比较注意了，就发现前避障居然会间歇性的关闭（图2），没错 不是什么大疆的检测报告里面写的误触发啊什么的，是关闭！就是开运动模式会出现的那种图标变红，但是运动模式是前后都红，这个故障的时候只是前避障红，发现这个问题后就感觉可能是有些问题就问客服嘛。客服看了也说有问题就检测嘛，检测了也就说人为造成的嘛。反正肯定不是本身的质量问题嘛，对吧~摄像头云台直接正面装上去都还好好的，前后避障都没直接碰撞居然给我说都坏了，666啊，就是这么巧对吧 反正鉴定结果所说的避障问题我还真没遇到过（图1），所以真正问题反正是没检查出来也没给个解释，有问题的反正都是人为导致的。 反正大疆的答复就是现场环境暗，视觉避障是失效的~ 但是飞行器上怎么没有警告呢（如图3、4）？你说失效就失效？你说太暗就太暗？光线太暗避障失效了不是有飞行警示吗？怎么没有飞行警示的情况下你们都能判断现场过暗避障失效？未必环境过不过按只有通过大疆专业技术人员的眼睛才能判断出来？飞行器本身根本就是无法判断的？就是一个有严重问题安全隐患的产品？就像安全气囊不一定能弹出来但却没有任何故障提示？出了车祸死了说是人为没开好？
避障失效,如题，降落时候我是向下打杆降落的，没有用一键降落，下方是个台阶，但是无人机没识别到，突然失去平衡摔了下去，摔坏了一个机臂上的灯，但是还能起飞，起飞之后发现前后避障失效了，用手接近无人机很近也无法识别，这种情况给免费维修嘛，还是说因为没用一键降落会判定责任在我
避障失效,今天飞机在空中飞的时候多次出现避障失效告警，降落后换了块电池重新飞也出现了，大伙知道大概什么原因导致的吗？飞行的时候天空明亮，没有到云层，偶有大风。
避障失效,今天航点飞行炸鸡了，竟然避障失效，撞到楼房掉下来，50m高。 先把航线飞了一遍，设置好航点，用掉了50%的电量，落地换上新电池再调出航线来飞。 新的航点飞行发现有几个问题： 1、避障失效问题，有点莫名其妙，起飞前看过是开启此功能的。 2、航点飞行时选择的自由模式，飞机朝向还能调节，但是镜头俯仰操作不了，难道是我设置的问题？ 3、新的飞控系统设置航点是直接在地图上用手点即可，这个确实方便，但也很容易出现位置偏差，地图放大后再点也很难就是飞机在的位置，找半天没不到按钮来设置航点，精灵4是按钮式的，不知道是不是我没找到。 另外：遥控器上有个中止飞行按键，要学会用，慌神的时候按一下其实很好，平时习惯了手控，建议大家也要多用用。今天看着飞机撞墙落下很后悔不熟这个按键。 飞机已快递去大疆做数据分析，看看为什么会避障失效。
避障失效,1、在起飞后800m图传卡盾，信号丢失2、返航过程中不按照返航点返航，返航到距离返航点100m处就停止返航，且无法取消返航，此时电量还剩余20%左右，3、再旋转中，不稳定，水平旋转幅度过大，4、再最后高度多次下降至14m后，因无法不符合下降地块，后自行操作至路边，避障不起作用，撞上建筑物，避障失效，5、上周才让大僵售后维修，为何还会出此问题，不知是人为还是机子故障
避障失效,Mavic3pro到手首飞，就遇到了大风天气，中长焦电机负荷非常大，画面抽动到完全没法使用。这次天气不错，3-4级风，刚开始测试不久，大马三侧避障失效，撞入羊群被踩，中长焦还是没来得及测试。等换新的马三到了该去庙里开个光再飞了。
大马三侧避障失效,Mavic3pro到手首飞，就遇到了大风天气，中长焦电机负荷非常大，画面抽动到完全没法使用。这次天气不错，3-4级风，刚开始测试不久，大马三侧避障失效，撞入羊群被踩，中长焦还是没来得及测试。等换新的马三到了该去庙里开个光再飞了。
依赖单一的避障系统意味着一旦该系统出现故障,前提：不同价位的无人机，避障功能是不一样的，请飞行前务必仔细阅读说明书和检查。 首先，避障系统虽然能够辅助无人机进行障碍物检测和规避，但其性能并非完美无缺。不同的避障技术，如超声波、毫米波雷达、激光雷达、红外避障、双目视觉等，都有其各自的优缺点和适用场景。例如，超声波和红外避障技术虽然成本较低，但作用距离有限，且对反射面的光整程度要求较高；而激光雷达虽然探测距离远、精度高，但容易受到镜面物体和太阳光的影响。双目视觉技术虽然能在小体积、低功耗的前提下获取高分辨率的深度图，但其稳定性和准确性仍受到一定限制。 其次，无人机在飞行过程中可能遇到各种复杂和不可预测的环境因素，如天气变化、地形起伏、电磁干扰等。这些因素都可能影响避障系统的性能，导致无人机无法准确识别和规避障碍物。 此外，无人机的飞行任务多种多样，包括航拍、植保、安防等。不同任务对无人机的飞行高度、速度、轨迹等有不同的要求，而这些要求可能影响避障系统的使用。例如，在某些任务中，无人机需要飞越树木、建筑物等障碍物，此时避障系统可能无法正常工作或需要进行复杂的参数调整。 最后，依赖避障系统飞行可能导致飞行员对无人机的操控能力下降。任何技术都有可能出现故障，依赖单一的避障系统意味着一旦该系统出现故障，无人机可能无法正确判断周围环境，从而导致飞行事故。飞行员需要时刻保持对无人机的观察和判断，以便在避障系统失效或遇到特殊情况时能够迅速采取应对措施。过度依赖避障系统可能使飞行员在关键时刻失去对无人机的掌控。 综上所述，虽然避障系统在无人机的飞行过程中起到了一定的辅助作用，但无人机不能完全依赖避障系统飞行。在实际应用中，需要综合考虑无人机的性能、任务需求、环境因素以及飞行员的操控能力等因素，确保无人机的安全飞行。
但是避障功能还是关闭了,mini4 Pro的夜晚避障还是不行，虽然光线不算暗，但是避障功能还是关闭了。
这时候光线黑暗也是无人机避障失灵的时光,华灯初上，对摄影人来说这是最美的一个短暂时光，这时候光线黑暗也是无人机避障失灵的时光，是我玩无人机以来在这个时光的第4次摔机。
避障无效,"小青蛙mini4[color=rgba(0, 0, 0, 0.65)]PRO侧飞首炸，5点多，天还没黑，避障无效，一点反应没有，直接炸了，寄售后，三天了，还没检查好，这效率我也是服了"
出现前视传感器故障（,DJI Air 2S 出现前视传感器故障（后视传感器好像也是有这样类似的警告），请问这个可以个人处理吗？还是需要送修？
后视传感器好像也是有这样类似的警告）,DJI Air 2S 出现前视传感器故障（后视传感器好像也是有这样类似的警告），请问这个可以个人处理吗？还是需要送修？
后观察黑盒数据发现高度传感器与输出控制器并无明显异常,昨天试飞了一台轴距900左右使用n3飞控的四轴飞机，低空悬停一段时间后有微弱窜高表现，欲将其降落的时候突然开始不受控升高，期间油门杆几乎全部拉至最低，但并无明显降落趋势，最终无奈在15米左右高度紧急停桨炸机，机臂电机桨叶起落架全部报废，后观察黑盒数据发现高度传感器与输出控制器并无明显异常。电机拉力不一致的问题之前也一直存在，但并未造成过明显影响。飞行参数使用大疆默认推荐值，飞行前校准过指南针，imu在一个月前校准过，实在没什么思路了，向大家来求助，多谢
系统提示传感器异常,外壳没有损伤，只是有地方变形了，用手按回去了。系统提示传感器异常，需要重启，重启之后没报错，这种情况需要再检查吗？可怜的小青蛙（刚care换的，才飞了不到4km）
导航与控制系统故障分析与解决办法,五、导航与控制系统故障分析与解决办法
导航与控制故障可能导致无人机飞行不稳定、,1. 故障分析：导航与控制故障可能导致无人机飞行不稳定、无法按预设航线飞行等。
那么如何避免无人机因电池故障导致的炸机,无人机炸机对众多飞手来说可谓是无奈又无解的存在，那么如何避免无人机因电池故障导致的炸机？ 这里提供一个方法，飞手可在飞行前用“无人机电池健康状态诊断仪”检测无人机电池当前的性能状态，检测结束，输出被测电池的健康度百分比、可飞时间、当前电量、是否为故障电池等，根据输出的结果制定合理的飞行策略，可有效规避使用故障电池，减少无人机炸机，助力安全飞行。
那么如何避免无人机因电池故障导致的炸机,先看一则炸机案例： 无人机炸机对众多飞手来说可谓是无奈又无解的存在，那么如何避免无人机因电池故障导致的炸机？ 这里提供一个方法，飞手可在飞行前用“无人机电池健康状态诊断仪”检测无人机电池当前的性能状态，检测结束，输出被测电池的健康度百分比、可飞时间、当前电量、是否为故障电池等，根据输出的结果制定合理的飞行策略，可有效规避使用故障电池，减少无人机炸机，助力安全飞行。
是否为故障电池等,无人机炸机对众多飞手来说可谓是无奈又无解的存在，那么如何避免无人机因电池故障导致的炸机？ 这里提供一个方法，飞手可在飞行前用“无人机电池健康状态诊断仪”检测无人机电池当前的性能状态，检测结束，输出被测电池的健康度百分比、可飞时间、当前电量、是否为故障电池等，根据输出的结果制定合理的飞行策略，可有效规避使用故障电池，减少无人机炸机，助力安全飞行。
是否为故障电池等,先看一则炸机案例： 无人机炸机对众多飞手来说可谓是无奈又无解的存在，那么如何避免无人机因电池故障导致的炸机？ 这里提供一个方法，飞手可在飞行前用“无人机电池健康状态诊断仪”检测无人机电池当前的性能状态，检测结束，输出被测电池的健康度百分比、可飞时间、当前电量、是否为故障电池等，根据输出的结果制定合理的飞行策略，可有效规避使用故障电池，减少无人机炸机，助力安全飞行。
可有效规避使用故障电池,无人机炸机对众多飞手来说可谓是无奈又无解的存在，那么如何避免无人机因电池故障导致的炸机？ 这里提供一个方法，飞手可在飞行前用“无人机电池健康状态诊断仪”检测无人机电池当前的性能状态，检测结束，输出被测电池的健康度百分比、可飞时间、当前电量、是否为故障电池等，根据输出的结果制定合理的飞行策略，可有效规避使用故障电池，减少无人机炸机，助力安全飞行。
可有效规避使用故障电池,先看一则炸机案例： 无人机炸机对众多飞手来说可谓是无奈又无解的存在，那么如何避免无人机因电池故障导致的炸机？ 这里提供一个方法，飞手可在飞行前用“无人机电池健康状态诊断仪”检测无人机电池当前的性能状态，检测结束，输出被测电池的健康度百分比、可飞时间、当前电量、是否为故障电池等，根据输出的结果制定合理的飞行策略，可有效规避使用故障电池，减少无人机炸机，助力安全飞行。
这次故障可能给电池（,"8月17日下午，刚买10天的MINI3PRO出现无法降落故障。 在为更换电池降落离地面0.5米左右时，无论是狠打下降摇杆，还是通过操控界面的“返航降落”按钮，均无法落地。 最后，在电池彻底耗尽后，摔落地面。经查,外观倒未见伤痕，下视镜头也并无遮挡。 更换电池重新启动后，无法降落的问题未再出现，可正常起飞降落，云台也未发现异常。但是，担心的是： 第一，这次故障可能给电池（长效）造成损害； 第二，飞机可能因摔落产生目前尚未察觉的内伤； 第三，无法降落的故障不知何时再会出现。"
一块随机电池出现故障,我2019、7购买大疆御2专业版，一块随机电池出现故障。充满电后装到飞机上不能起飞，提示“智能电池通信异常，请确认你是用的是DJI官方电池，并检查电池连接。如果问题无法解决，请联系售后”。另俩电池工作正常。 请问如何办理，寄回更换、维修吗？
提示电池可能故障,昨天在稻城亚丁拍摄草原，返航途中还有62米距离，大约130米高度时，提示电池可能故障，然后就失去连接了。根据经纬度找了一个小时，也没有在草原上找到，累的气喘吁吁，高原反应得头痛欲裂，还是未能找到机身。
比较复杂的情况是有时还没起飞就报告一侧电池故障；,请教版主，悟2炸机返厂维修后，出现其中一侧电池出错、未安装到位故障；悟2固件为最新版本，一共6组12块电池，均装机升级过电池固件。经电话大疆服务答复所有电池再次连接飞机升级，充满电，静置48小时后，故障依旧。比较复杂的情况是有时还没起飞就报告一侧电池故障；有时起飞前一切正常，然后飞上天几分钟后，打杆操作频繁报告一侧电池错误，但能安全返航。未起飞前报告一侧电池错误的，经调换电池仓位或用力按压电池进仓方向，恢复正常。所有电池循环次数均不超50次，再次求教版主，是不是又要返厂检测，多谢啦！
这1块电池显示故障（,套装中3块电池，开机用管家激活并充电，其中2块正常。另有1块激活时管家显示红灯，无法再充电，但按键电量显示4格（第4格闪烁）。户外试飞时，这1块电池显示故障（如图）。后带回直连充电，正常充满，但暂时不敢飞行使用。请问：这块电池是否正常？是否会出现飞行途中断电炸机情况？目前如何处理
识别是否为故障电池 ,许多飞手对炸机深恶痛绝，而电池过流又很难事先预知，先看一则电池虚电炸机案例： 究竟如何避免无人机因电池过流而导致的炸机？在这里提供一个解决方案↓↓↓↓↓↓ ● 仪器：无人机电池健康状态诊断仪 ● 功能： ①可为电池充电的同时检测电池健康状态 ②识别是否为故障电池 ③输出电池可飞时间，飞手可制定合理的飞行计划 ④可充当移动电源，无需连接电源满足户外使用需求 ● 优势：在无人机飞行前精准判断电池有无故障，避免无人机因电池故障而造成的炸机事故 更多无人机充电、检测、保养详情欢迎联系广西智孪科技有限公司！
避免无人机因电池故障而造成的炸机事故 ,许多飞手对炸机深恶痛绝，而电池过流又很难事先预知，先看一则电池虚电炸机案例： 究竟如何避免无人机因电池过流而导致的炸机？在这里提供一个解决方案↓↓↓↓↓↓ ● 仪器：无人机电池健康状态诊断仪 ● 功能： ①可为电池充电的同时检测电池健康状态 ②识别是否为故障电池 ③输出电池可飞时间，飞手可制定合理的飞行计划 ④可充当移动电源，无需连接电源满足户外使用需求 ● 优势：在无人机飞行前精准判断电池有无故障，避免无人机因电池故障而造成的炸机事故 更多无人机充电、检测、保养详情欢迎联系广西智孪科技有限公司！
炸机原因是电池故障,先说基本事实：我的大疆御2在无风、无障碍的100米距离失联了，从52米空中掉下来炸机了。按照大疆官方的检测：炸机原因是电池故障，瞬间断电。也就排除了我的个人操作失误，也不是在禁飞区起飞。
故障的是电池,我们的分歧，简单地说，大疆方面的态度是：你的操作没有问题，故障的是电池，如果是保修期内，可以免费换；但是因为出了保修期，所以只能自己付费维修。基于对客户的关怀，可以提供一个85折的折扣。
故障的是电池,那么具体到本案例，是不是产品质量问题呢？当然是！发生故障的是电池，电池是你大疆原厂的。循环才几十次，它不是产品质量缺陷是什么？
你的电池故障,但是这次呢？不一样。我的操作没问题，你的电池故障，发生的事故，就因为出了保修期一个月，该我承担维修费？我也毫不隐晦自己的观点：因为本次事故原因是厂家产品故障造成的，应该由厂家承担主要责任。
故障原因是厂家的原厂电池,具体到我这次的无人机事故，如果这个行业有善意索赔。它太符合了。故障原因是厂家的原厂电池，循环次数不到50，操作没有问题。如果我是大疆老总，我认为得主动给赔一台，甚至还应该给误工费。因为这是你厂家的产品问题，给这个消费者带来了损失，并且耽误了他的工作。应该对自己的产品质量感到羞愧，以此案例要反省自己，提高产品质量。而不是因为出了保修期一个月，厂家根据保修条款可以免除责任而窃喜。
发生故障的是电池,那么具体到本案例，是不是产品质量问题呢？当然是！发生故障的是电池，电池是你大疆原厂的。循环才几十次，它不是产品质量缺陷是什么？
在保修期内出现的非人为电池故障,2021年6月18日大疆方面宣布将消费级全系列无人机电池的保修期，从此前的6个月统一延长至12个月；在保修期内出现的非人为电池故障，大疆均提供免费换新服务。
1.电池故障,1.电池故障：无人机的电池是其能够持续飞行的动力源。如果电池出现故障，如电量过低、电池老化等，无人机就无法正常飞行。如果电池过度掉电，电池与无人机的连接不合适，都可能导致无人机无法正常飞行。
1.电池故障,1.电池故障：换一块相同规格的电池，并严格按照说明书指示更换电池。定期更换电池，确保电池状态良好。
如果电池出现故障,1.电池故障：无人机的电池是其能够持续飞行的动力源。如果电池出现故障，如电量过低、电池老化等，无人机就无法正常飞行。如果电池过度掉电，电池与无人机的连接不合适，都可能导致无人机无法正常飞行。
电池就彻底报废,看了我这个账号发的帖子，基本上都是和大疆扯皮的。自己作为一个博士，大学老师，被逼到这份上，也实在是无奈了。 其实我更想在论坛和飞友们讨论讨论技术，分享分享自己用大疆拍摄的作品。这不是更好吗？ 说起来，和大疆扯皮也不是我的本心。从2017年开始，我入手了大疆3S，SPARK，御air，御mini一代，二代，御2PRO，悟2。也算一个铁杆粉丝了。自始至终，我没有抱怨过大疆的拍摄画质不好，使用体验不好。 因为产品太多，有过12次维修经历。其中3次炸机，前两次是自己失误，二话不说，自己付维修费解决。 有9次维修竟然都是御2的电池。我在前面发过帖子，控诉过这个问题。前两年是鼓包，这两年不鼓包了，又经常出现通信异常。 一年时间，竟然有4块出现通信异常。如果说鼓包还能勉强用，那么通信异常是彻底用不了了。 我至今不认可那个保修条款：3个月免费保修，3个月以外消费者自己负责。3个月免费保修，是建立在你的产品质量比较过硬的基础上。出问题的概率很小，偶尔发生一次，我们也就认了。 但是，因为电池不是大疆自己的产品，第三方提供的。所以这个品控实在是有点差。论坛里面一搜，大家也知道出问题的不在少数。循环不到20次，电池就彻底报废，我相信没有人能服气。 上一次，出现这问题，和客服沟通了多次，最终大疆坚持让我付300多免费换新。我也无奈妥协接受了。但是随后调查了我几次服务意见，我坚持认为这个保修条款不妥。 有的飞友说我脸厚，毕竟电池不能终身保修。我在这里说，不是这么理解的。正常的电池，总有一个正常的生命周期。如果你能做到电池循环20次报废，你自己承担责任，我无话可说。但我认为这不是一个正常的产品。 3月14日，我又有一块电池出了这问题。寄回厂家检修，结果是一样的。 这次大疆给了一个相对 满意的解决方案：免费换新。 单就这次结果，我是满意的。 但是，联想到同样的问题，一个月前不免费，和一个月之后免费。我希望不是因为3.15，大疆在这个节骨眼上为了息事宁人而采取的做法。 我是研究旅游资源的，拍摄旅游资源是我的一项重要工作。大疆无人机拓展了我的拍摄视角，我是满意的。
如果你能做到电池循环20次报废,看了我这个账号发的帖子，基本上都是和大疆扯皮的。自己作为一个博士，大学老师，被逼到这份上，也实在是无奈了。 其实我更想在论坛和飞友们讨论讨论技术，分享分享自己用大疆拍摄的作品。这不是更好吗？ 说起来，和大疆扯皮也不是我的本心。从2017年开始，我入手了大疆3S，SPARK，御air，御mini一代，二代，御2PRO，悟2。也算一个铁杆粉丝了。自始至终，我没有抱怨过大疆的拍摄画质不好，使用体验不好。 因为产品太多，有过12次维修经历。其中3次炸机，前两次是自己失误，二话不说，自己付维修费解决。 有9次维修竟然都是御2的电池。我在前面发过帖子，控诉过这个问题。前两年是鼓包，这两年不鼓包了，又经常出现通信异常。 一年时间，竟然有4块出现通信异常。如果说鼓包还能勉强用，那么通信异常是彻底用不了了。 我至今不认可那个保修条款：3个月免费保修，3个月以外消费者自己负责。3个月免费保修，是建立在你的产品质量比较过硬的基础上。出问题的概率很小，偶尔发生一次，我们也就认了。 但是，因为电池不是大疆自己的产品，第三方提供的。所以这个品控实在是有点差。论坛里面一搜，大家也知道出问题的不在少数。循环不到20次，电池就彻底报废，我相信没有人能服气。 上一次，出现这问题，和客服沟通了多次，最终大疆坚持让我付300多免费换新。我也无奈妥协接受了。但是随后调查了我几次服务意见，我坚持认为这个保修条款不妥。 有的飞友说我脸厚，毕竟电池不能终身保修。我在这里说，不是这么理解的。正常的电池，总有一个正常的生命周期。如果你能做到电池循环20次报废，你自己承担责任，我无话可说。但我认为这不是一个正常的产品。 3月14日，我又有一块电池出了这问题。寄回厂家检修，结果是一样的。 这次大疆给了一个相对 满意的解决方案：免费换新。 单就这次结果，我是满意的。 但是，联想到同样的问题，一个月前不免费，和一个月之后免费。我希望不是因为3.15，大疆在这个节骨眼上为了息事宁人而采取的做法。 我是研究旅游资源的，拍摄旅游资源是我的一项重要工作。大疆无人机拓展了我的拍摄视角，我是满意的。
智能电池通信异常,我2019、7购买大疆御2专业版，一块随机电池出现故障。充满电后装到飞机上不能起飞，提示“智能电池通信异常，请确认你是用的是DJI官方电池，并检查电池连接。如果问题无法解决，请联系售后”。另俩电池工作正常。 请问如何办理，寄回更换、维修吗？
起初我以为电池经过工作发热后产生的自然现象,我的大疆御2无人机，是2019年4月29日购买的，到今年2月，使用不到一年。有一块电池在飞行过后，底部就会出现轻微凸出，起初我以为电池经过工作发热后产生的自然现象，但随着时间的推移，发现电池的凸出面越来越大，而另一块电池也出现了那块电池当初的情况。这给飞行带来了一定的安全隐患。
这一问题也暴露出大疆无人机的自身散热功能和电池本身的抗高温性能都存在技术问题,对于这种情况，厂家也许会说是使用问题，而我的理由是：如果是使用问题，同样的电池为什么有的没起鼓有的起鼓了？如果是人为因素摔碰导致的问题，为什么没摔没碰的电池也出现了起鼓起包呢？而对起鼓起包的电池，智能电池有自检功能，完全可以停止工作，可为什么还允许正常充电、正常使用呢？可以说，大疆电池存在两个致命问题：一是智能电池不智能，自检能力存在后遗症；二是电池本身质量确实存在问题，在电池工作到一定温度的情况下，发生起包。这一问题也暴露出大疆无人机的自身散热功能和电池本身的抗高温性能都存在技术问题。这些问题的存在，造成了大疆产品的不成熟、不完善。日常发现的诸多事故，可以说和大疆不无关系。
上盖电池仓口轻微破损（,经检测，定损结果为：Pitch轴支架损坏导致云台增稳类故障，Yaw电机损坏导致云台增稳类故障，主控板损坏导致操控、飞控类故障，由于您的产品现已超出保修范围，需要您付费处理。 上盖电池仓口轻微破损（功能正常）。
出现其中一侧电池出错、,请教版主，悟2炸机返厂维修后，出现其中一侧电池出错、未安装到位故障；悟2固件为最新版本，一共6组12块电池，均装机升级过电池固件。经电话大疆服务答复所有电池再次连接飞机升级，充满电，静置48小时后，故障依旧。比较复杂的情况是有时还没起飞就报告一侧电池故障；有时起飞前一切正常，然后飞上天几分钟后，打杆操作频繁报告一侧电池错误，但能安全返航。未起飞前报告一侧电池错误的，经调换电池仓位或用力按压电池进仓方向，恢复正常。所有电池循环次数均不超50次，再次求教版主，是不是又要返厂检测，多谢啦！
打杆操作频繁报告一侧电池错误,请教版主，悟2炸机返厂维修后，出现其中一侧电池出错、未安装到位故障；悟2固件为最新版本，一共6组12块电池，均装机升级过电池固件。经电话大疆服务答复所有电池再次连接飞机升级，充满电，静置48小时后，故障依旧。比较复杂的情况是有时还没起飞就报告一侧电池故障；有时起飞前一切正常，然后飞上天几分钟后，打杆操作频繁报告一侧电池错误，但能安全返航。未起飞前报告一侧电池错误的，经调换电池仓位或用力按压电池进仓方向，恢复正常。所有电池循环次数均不超50次，再次求教版主，是不是又要返厂检测，多谢啦！
未起飞前报告一侧电池错误的,请教版主，悟2炸机返厂维修后，出现其中一侧电池出错、未安装到位故障；悟2固件为最新版本，一共6组12块电池，均装机升级过电池固件。经电话大疆服务答复所有电池再次连接飞机升级，充满电，静置48小时后，故障依旧。比较复杂的情况是有时还没起飞就报告一侧电池故障；有时起飞前一切正常，然后飞上天几分钟后，打杆操作频繁报告一侧电池错误，但能安全返航。未起飞前报告一侧电池错误的，经调换电池仓位或用力按压电池进仓方向，恢复正常。所有电池循环次数均不超50次，再次求教版主，是不是又要返厂检测，多谢啦！
跟电池鼓包有没有关系,如题，怕电池突然放电c数跟不上，就突然断电。另外今天飞，无征兆的自动刹车，推油门又刹，不断反复，跟电池鼓包有没有关系？电池循环120，鼓包怕掉出来，绑了魔术带。
这电池每个都鼓包,这电池每个都鼓包，不知道跟满电保存有没有关系，虽然是10天自放电，那是电池没任何操作的前提下，如果中途动过电池，10天会重新计算，就是中途动过了
电池有点鼓包,前天下午，在山上飞行中，刚拍摄5分钟左右，飞行距离217米，高度26米后，按下屏幕反回键，已提示开始反行，无人机突然黑屏，飞机与控制器失去联系，过了一段时间，也没有联系上飞机（以前失联后不久，无人机自动返回起飞点，这一点大缰无人机我还是比较信任的）这回见无人机那么久没有回来，心里就开始慌了，后来去找了将近二个小时，没有找到无人机，因山上手机没有信号，打不开手机app找飞机功能，回到家后定位好失联点，第二天去那个点重点查找，果然就在那个周围找到无人机，当时情况，电池与机身分离，估计是从高空掉下原因，检查机身没有坏，电池有点鼓包，（电池刚充第41次，以前二块电池都鼓包）试机还可以飞行，失而复得，不幸中万幸，但心里比较担心，不知道是什么原因引起炸鸡，无人机能否正常使用?回来后导出飞行数据没有看到有炸鸡画面。
以前二块电池都鼓包）,前天下午，在山上飞行中，刚拍摄5分钟左右，飞行距离217米，高度26米后，按下屏幕反回键，已提示开始反行，无人机突然黑屏，飞机与控制器失去联系，过了一段时间，也没有联系上飞机（以前失联后不久，无人机自动返回起飞点，这一点大缰无人机我还是比较信任的）这回见无人机那么久没有回来，心里就开始慌了，后来去找了将近二个小时，没有找到无人机，因山上手机没有信号，打不开手机app找飞机功能，回到家后定位好失联点，第二天去那个点重点查找，果然就在那个周围找到无人机，当时情况，电池与机身分离，估计是从高空掉下原因，检查机身没有坏，电池有点鼓包，（电池刚充第41次，以前二块电池都鼓包）试机还可以飞行，失而复得，不幸中万幸，但心里比较担心，不知道是什么原因引起炸鸡，无人机能否正常使用?回来后导出飞行数据没有看到有炸鸡画面。
的电池鼓包了,我身边已经有飞友炸鸡了，特来提醒众飞友。 因为天气变热，温度升高，mavic （第一代）的电池鼓包了，脱离了原来的电池卡扣，直接掉下来了，返修时大疆厂家给予了一定的优惠。 当时，幸亏他没有炸鸡伤人。 眼看着，随着夏季临近，温度越来越好，特发此贴提醒。如果你的飞机电池已经鼓包了，或者有鼓包倾向了，请不要往飞机上安装了。 大疆有新的电池政策，一年以内的电池可以换新。 从另一个角度来说一年以上mavic飞机上的电池，相信还是有不少。一方面，希望大疆在APP开机界面，强制提醒，也希望飞友们，稳妥飞行。 从一个多年使用大疆产品的用户角度出发，也盼着大疆本着对安全负责的态度，对这些老飞机能进行下一步处理，召回，或者优惠购买新机。谢谢。
如果你的飞机电池已经鼓包了,我身边已经有飞友炸鸡了，特来提醒众飞友。 因为天气变热，温度升高，mavic （第一代）的电池鼓包了，脱离了原来的电池卡扣，直接掉下来了，返修时大疆厂家给予了一定的优惠。 当时，幸亏他没有炸鸡伤人。 眼看着，随着夏季临近，温度越来越好，特发此贴提醒。如果你的飞机电池已经鼓包了，或者有鼓包倾向了，请不要往飞机上安装了。 大疆有新的电池政策，一年以内的电池可以换新。 从另一个角度来说一年以上mavic飞机上的电池，相信还是有不少。一方面，希望大疆在APP开机界面，强制提醒，也希望飞友们，稳妥飞行。 从一个多年使用大疆产品的用户角度出发，也盼着大疆本着对安全负责的态度，对这些老飞机能进行下一步处理，召回，或者优惠购买新机。谢谢。
取出电池发现是电池鼓包所致,今天御二正常起飞降落后，发现电池一边卡槽脱卡，取出电池发现是电池鼓包所致，再检查其它电池也发现另一块有鼓包现象，两款电池是2018.7 2018.9生产的。 我的御ari有一块电池检查电量一切正常、充电等正常，就是装到机子上无法起飞，提示电池未安装正常，反复安装无果，换其他电池就能正常起飞。
再检查其它电池也发现另一块有鼓包现象,今天御二正常起飞降落后，发现电池一边卡槽脱卡，取出电池发现是电池鼓包所致，再检查其它电池也发现另一块有鼓包现象，两款电池是2018.7 2018.9生产的。 我的御ari有一块电池检查电量一切正常、充电等正常，就是装到机子上无法起飞，提示电池未安装正常，反复安装无果，换其他电池就能正常起飞。
意识到可能电池鼓包弹出导致失电坠机了,昨天在意山上无人机起飞1.2分钟后遥控器提示飞机连不上遥控器。抬头看飞机直线下坠，拨杆没什么作用。首先想的是不是被干扰器击落了，但又一想这大山深处应该不会。意识到可能电池鼓包弹出导致失电坠机了。循着最后的降落提示找寻飞机。还好刚起飞没飞远，经过近1小时找寻，在降落点附近一圈一圈找，终于找到飞机。因周边杂草丛生，粗看飞机没什么损伤，但已找不到电池了，再加上陡峭山坡上爬上爬下人已累的不行，就放弃了继续找寻电池。回家后放上电池，飞机能正常起飞。
电池鼓包了咋办,现在想咨询的是我还有2块同时购买的电池（2020.6.7月份购买的AIR2 畅飞套装），怎么知道还能不能用？3块电池轮流飞，总共也没飞多久，应该还没到循环次数。电池鼓包了咋办？只能报废重新购买？看了下价格，需699一块，汽车电池这几年都下降了这么多，这大疆电池仍旧一个价？说是智能电池，看情形也没智能呀，说掉就掉。不是智能电池为什么还卖这么贵？垄断？
造成电池鼓包、,由于锂电池本身的特性，过充过放或长期在高温环境使用，长期高电压存储，都可能影响化学体系的稳定性，加速电池内部的化学反应，产生气体，造成电池鼓包、失效等故障。
包括行业领头羊大疆无人机在内的多个品牌都有用户曝出电池鼓包、,此前，包括行业领头羊大疆无人机在内的多个品牌都有用户曝出电池鼓包、炸机等事故。实际上，关于电池所引发的售后问题，行业需要做的还有很多。
但大疆无人机的电池鼓包问题却时有发生,对摄影航拍稍有涉猎的人，恐怕没有不知道大疆无人机的。大疆这一品牌占据了世界航拍无人机市场份额的80%，是当之无愧的行业巨头。但大疆无人机的电池鼓包问题却时有发生，让部分消费者感到失望。
有多位无人机用户上传了鼓包的大疆电池照片,而在“航拍网”上，有多位无人机用户上传了鼓包的大疆电池照片，甚至有人经历了鼓包电池自燃爆炸、在飞行过程中掉落等严重事件。
甚至有人经历了鼓包电池自燃爆炸、,而在“航拍网”上，有多位无人机用户上传了鼓包的大疆电池照片，甚至有人经历了鼓包电池自燃爆炸、在飞行过程中掉落等严重事件。
他近期就遇到了大疆电池鼓包的问题,《消费者报道》通过黑猫投诉平台联系了喜欢航拍摄影的吴先生，他近期就遇到了大疆电池鼓包的问题。
发现3块电池有不同程度的鼓包,但在今年8月的某天，吴先生准备去航拍的时候，发现3块电池有不同程度的鼓包。9月4日，吴先生拨打了大疆400客服电话，要求免费更换电池。但客服表示，电池已经超出6个月质保期，不能免费保修，需要把电池寄过去付费维修。对于电池鼓包的原因，客服没有给出解释，只是问吴先生有没有暴力撞击过机器，吴先生表示“绝对没有”。
对于电池鼓包的原因,但在今年8月的某天，吴先生准备去航拍的时候，发现3块电池有不同程度的鼓包。9月4日，吴先生拨打了大疆400客服电话，要求免费更换电池。但客服表示，电池已经超出6个月质保期，不能免费保修，需要把电池寄过去付费维修。对于电池鼓包的原因，客服没有给出解释，只是问吴先生有没有暴力撞击过机器，吴先生表示“绝对没有”。
如果只是某一块电池鼓包,吴先生补充道，如果只是某一块电池鼓包，可能是使用不当，但现在是三块电池同时鼓包。吴先生经过上网搜索，发现大疆电池鼓包不是个例。他还告诉记者，自己询问了摄影协会的朋友，得知他们当中有不少人都遇到过大疆电池鼓包的问题，涉及御pro、悟2、精灵4等型号，且因为他们的电池也过了6个月的保质期，所以都不能免费更换，“只能花钱维修或者掏499元再买块新的，自认倒霉呗！”
但现在是三块电池同时鼓包,吴先生补充道，如果只是某一块电池鼓包，可能是使用不当，但现在是三块电池同时鼓包。吴先生经过上网搜索，发现大疆电池鼓包不是个例。他还告诉记者，自己询问了摄影协会的朋友，得知他们当中有不少人都遇到过大疆电池鼓包的问题，涉及御pro、悟2、精灵4等型号，且因为他们的电池也过了6个月的保质期，所以都不能免费更换，“只能花钱维修或者掏499元再买块新的，自认倒霉呗！”
发现大疆电池鼓包不是个例,吴先生补充道，如果只是某一块电池鼓包，可能是使用不当，但现在是三块电池同时鼓包。吴先生经过上网搜索，发现大疆电池鼓包不是个例。他还告诉记者，自己询问了摄影协会的朋友，得知他们当中有不少人都遇到过大疆电池鼓包的问题，涉及御pro、悟2、精灵4等型号，且因为他们的电池也过了6个月的保质期，所以都不能免费更换，“只能花钱维修或者掏499元再买块新的，自认倒霉呗！”
得知他们当中有不少人都遇到过大疆电池鼓包的问题,吴先生补充道，如果只是某一块电池鼓包，可能是使用不当，但现在是三块电池同时鼓包。吴先生经过上网搜索，发现大疆电池鼓包不是个例。他还告诉记者，自己询问了摄影协会的朋友，得知他们当中有不少人都遇到过大疆电池鼓包的问题，涉及御pro、悟2、精灵4等型号，且因为他们的电池也过了6个月的保质期，所以都不能免费更换，“只能花钱维修或者掏499元再买块新的，自认倒霉呗！”
为什么大疆的电池这么容易鼓包,吴先生疑惑道，其它电子产品如手机的电池可以用很久都不出问题，为什么大疆的电池这么容易鼓包，而且保质期只设定6个月这么短？
自己曾听别人说大疆电池容易鼓包,无独有偶，谢女士也遇到了类似问题。谢女士称，自己于19年在杭州百脑汇一家授权商店购买了全新的大疆御Mavic  pro全能套装，价格接近8000元。因为遇到疫情，使用次数很少，她将套机存放在恒温书房，并根据大疆电池保养提醒定期充放电以保证电池正常。谢女士称，自己曾听别人说大疆电池容易鼓包，所以她特别小心谨慎，完全按照说明书来保养电池。
三块电池陆续出现鼓包现象,今年6月份疫情缓和后，谢女士才把大疆飞行器再拿出来用了几次。8月份，谢女士发现，三块电池陆续出现鼓包现象，其中一块电池她甚至从未使用过。
电池鼓包说明了什么,电池鼓包说明了什么，有什么危害？资深家电行业分析师梁振鹏表示，电池出现鼓包有两种原因：一是使用者过度充电，或把电池放在太热、太冷、潮湿的环境下，或充电器不适配等；二是电池有质量问题，例如内部发生短路，发生了大量气体反应等。鼓包会导致待机时长降低、电池寿命缩短，甚至还可能导致电池在使用中发生自燃或爆炸。而无人机电池的鼓包会比手机电池鼓包的危害更大，因为无人机电池的容量比较大，如果发生自燃或爆炸，破坏力肯定比手机电池爆炸更为惊人。
电池出现鼓包有两种原因,电池鼓包说明了什么，有什么危害？资深家电行业分析师梁振鹏表示，电池出现鼓包有两种原因：一是使用者过度充电，或把电池放在太热、太冷、潮湿的环境下，或充电器不适配等；二是电池有质量问题，例如内部发生短路，发生了大量气体反应等。鼓包会导致待机时长降低、电池寿命缩短，甚至还可能导致电池在使用中发生自燃或爆炸。而无人机电池的鼓包会比手机电池鼓包的危害更大，因为无人机电池的容量比较大，如果发生自燃或爆炸，破坏力肯定比手机电池爆炸更为惊人。
而无人机电池的鼓包会比手机电池鼓包的危害更大,电池鼓包说明了什么，有什么危害？资深家电行业分析师梁振鹏表示，电池出现鼓包有两种原因：一是使用者过度充电，或把电池放在太热、太冷、潮湿的环境下，或充电器不适配等；二是电池有质量问题，例如内部发生短路，发生了大量气体反应等。鼓包会导致待机时长降低、电池寿命缩短，甚至还可能导致电池在使用中发生自燃或爆炸。而无人机电池的鼓包会比手机电池鼓包的危害更大，因为无人机电池的容量比较大，如果发生自燃或爆炸，破坏力肯定比手机电池爆炸更为惊人。
大致有三种原因可能会造成电池鼓包,从事消费电子行业测评的黄先生认为，大疆使用的是锂离子聚合物电池，保养需要谨慎，严禁磕碰和挤压，也不能用行李舱托运，而且充放电也要非常注意，否则容易产生鼓包。他认为，大致有三种原因可能会造成电池鼓包：一是消费者使用不当，二是电池供应商生产了质量不过关的电池，三是大疆机身里电池仓的设计，可能让电池不仅无法散热，还要被视觉系统的热量烤着，同时保持着高电流输出维持动力，从而大大增加了电池的鼓包概率。
从而大大增加了电池的鼓包概率,从事消费电子行业测评的黄先生认为，大疆使用的是锂离子聚合物电池，保养需要谨慎，严禁磕碰和挤压，也不能用行李舱托运，而且充放电也要非常注意，否则容易产生鼓包。他认为，大致有三种原因可能会造成电池鼓包：一是消费者使用不当，二是电池供应商生产了质量不过关的电池，三是大疆机身里电池仓的设计，可能让电池不仅无法散热，还要被视觉系统的热量烤着，同时保持着高电流输出维持动力，从而大大增加了电池的鼓包概率。
具体由哪种原因造成电池鼓包,黄先生补充道，具体由哪种原因造成电池鼓包，不能单凭描述或肉眼判断，必须送到专业的检测机构进行分析。
鼓包电池”,从不同投诉人提供的照片来看，“鼓包电池”制造商涉及两家公司，一家为“欣旺达电子股份有限公司”，同时为小米供应电池；另一家为“东莞新能源科技有限公司”。据悉，这两家公司是大疆电池的主要供应商。
询问为何会多次出现电池鼓包问题,《消费者报道》给大疆公司发去了采访函，询问为何会多次出现电池鼓包问题，且免费更换电池的期限设定在6个月内是否合理等。但在截稿前未收到对方发来的任何形式的答复。
电池仍然发生了鼓包,北京市京师（郑州）律师事务所欧阳一鹏律师表示，本事件中，消费者购买大疆飞行器，按照说明书仔细保养电池，电池仍然发生了鼓包，那么，电池是否符合质量要求，还需要看下电池的保质期或者有效期限是多少，经营者有义务保障电池应具有的质量。根据《消费者权益保护法》第二十三条规定，经营者应当保证在正常使用商品或者接受服务的情况下其提供的商品或者服务应当具有的质量、性能、用途和有效期限。大疆客服以过了6个月的保质期为由，不给消费者免费退换电池，也不能免费维修，是不合理的。飞行器的电池应属于耐用商品，如果在短短几个月内就鼓包不可使用，显然是不符合商品应具备的性能。消费者自接受商品或者服务之日起六个月内发现瑕疵，发生争议的，由经营者承担有关瑕疵的举证责任。在六个月后，由消费者举证证明商品存在质量问题，可要求经营者维修或者更换。根据《消费者权益保护法》第二十四条规定，经营者提供的商品或者服务不符合质量要求的，消费者可以依照国家规定、当事人约定退货，或者要求经营者履行更换、修理等义务。
如果大疆电池鼓包的现象确实是属于电池本身质量问题,欧阳律师还补充道，如果大疆电池鼓包的现象确实是属于电池本身质量问题，经营者应当承担售后责任。根据《消费者权益保护法》第十九条规定，经营者发现其提供的商品或者服务存在缺陷，有危及人身、财产安全危险的，应当立即向有关行政部门报告和告知消费者，并采取停止销售、警示、召回、无害化处理、销毁、停止生产或者服务等措施。采取召回措施的，经营者应当承担消费者因商品被召回支出的必要费用。
就有不少网友就投诉大疆无人机有电池鼓包、,近日在黑猫投诉上，就有不少网友就投诉大疆无人机有电池鼓包、定位误差大等问题。
有的电池鼓包,多位网友在黑猫平台表示其大疆无人机的电池存在严重质量问题。有的无法充电、有的电池鼓包。针对一位网友“电池不能充电”问题，大疆售后以“已经过保”为由拒绝免费更换或维修；而针对另一位网友“电池鼓包”的问题，不同的大疆客服给出了不同的回复：第一位客服表示“没有问题，可以使用，是外形设计如此”；另外一位客服则表示“电池过放引起鼓包需要付费更换”。
电池鼓包”,多位网友在黑猫平台表示其大疆无人机的电池存在严重质量问题。有的无法充电、有的电池鼓包。针对一位网友“电池不能充电”问题，大疆售后以“已经过保”为由拒绝免费更换或维修；而针对另一位网友“电池鼓包”的问题，不同的大疆客服给出了不同的回复：第一位客服表示“没有问题，可以使用，是外形设计如此”；另外一位客服则表示“电池过放引起鼓包需要付费更换”。
电池过放引起鼓包需要付费更换”,多位网友在黑猫平台表示其大疆无人机的电池存在严重质量问题。有的无法充电、有的电池鼓包。针对一位网友“电池不能充电”问题，大疆售后以“已经过保”为由拒绝免费更换或维修；而针对另一位网友“电池鼓包”的问题，不同的大疆客服给出了不同的回复：第一位客服表示“没有问题，可以使用，是外形设计如此”；另外一位客服则表示“电池过放引起鼓包需要付费更换”。
除了电池鼓包,除了电池鼓包，也有微博博主@河北新闻哥在微博上透露其最近购买的大疆无人机定位存在严重误差，导致无人机“炸机”。在与大疆售后、工程师多次交涉中，大疆方面先后表示定位无误差、误差小、地图出错、72米误差的确存在但仍需半价维修。
回来后发现电池也撞坏了,都9年多的老飞手了，从Phomton玩到Mavic，居然栽在这个小玩意手上。想想还是大意了，第一天一直试这个玩意的避障，一直觉得挺好用的，第二天于是就去一段林荫道的马路上指点跟随，拍一段车子的视屏，结果直接怼树枝上了，把云台都撞掉了一边。回来后发现电池也撞坏了，充不进去电了，只能彻底放电之后扔掉了。在官网上约了送修。死活没想明白，第一天避障不是好好的吗？第二天咋就不行了呢？我一直觉得这东西飞起来后啥都不会撞的。另外，这玩意拍照还是不行，像素太低了，只能用来拍拍视屏还可以，但那些小功能挺好的，比如一键竖排。色影无忌上混的兄弟可以放弃了，老老实实上Mavic系列。
首先找到脱落的电池,5号参加市野生保护动植物摄影采风团，在1600米的山峰上放飞了我的御3c，一切顺利，和往常一样，愉快的按下自动返航键，静等无人机降落。从大疆Air2S到御3c，己有飞行2300多公里的飞行体验了，虽然也有过一些小事故，但总体还是平安顺利的！正踌躇满志时，只听一声脆响，我的无人机与高高的风机来了个亲密接触，摔掉在原始森林中了，一下顿时傻眼了，由于是看得到的方式掉下去，就在前面十几米的地方，但树木参天，崖壁徒峭，我和几个摄友小心翼翼下去找了一个多小时没找到，面对莽莽苍苍的树林，没了脾气，只好放弃，提控回家！飞行事故总结分折有二，一是我大意了，以为在高山上周围没有障碍物而忽视了身边的风车，忘记把返航高度调整一下；二是太相信大疆的避障功能，这么高大、叶片没转动的风车竞然看不见！回程中，看见不少摘蘑菇的人，心中一动，他们采磨菇爬山涉水，在原始森林中摸爬滚打，小心翼翼地在树林中寻找小小的蘑菇，找一下我的飞机岂不是手到擒来！于是和一对兄妹说明情况，兄妹俩答应帮我找，但要一定报酬。我立马答应：找不到每人一百，找到了每人三百，他们同意了。于是重回事故地，兄妹俩真是历害，我把大致地点讲了，他们立即下去找，他们采取来回往返地毯式寻找，不到半小时，首先找到脱落的电池，再找到机身，我一看，云台相机也掉了，他们又下去找，不但找到了云台，还找到了全部桨叶，看着这七零八落的爱机，心里又是打鼓，这要多少钱修呀！回到家，打开大疆社区维修服务配件价格一对照，又傻了眼，按照我的损坏程度，至少要3到4千元，不修吧又有点不甘心，只好找夏青了。打包免费上门取件，第2天就接到夏青的回复，接转小汪小姐姐的企业微信，祥细介绍了整个飞行事故经过，上传飞行数据，小姐姐要我耐心等待，工程师会认真检测、评估。双休日一过，周一来了好消息，可以免费为我维修、更换配件、电池，这真是喜从天降，马上给小姐姐献上几朵玫瑰花，一再表示感谢，第二天又来了寄件通知，今天早上就收到了完好如初的无人机和一块新的电池！迫不及待试飞了一圈，一点问题没有，心中的忐忑不安终于安定，也对大疆创新盟发深深的敬意！唯有如此负责任的企业，是我们國家制造业的支柱，大疆的发展和崛起，正是有了对客户、对社会负责任的态度和精神！祝大疆创新蓬勃发展，前程似锦！
才导致了电池爆炸起火事故,事故发生后，蔡先生复盘，或许正是这块电池存在产品质量问题，才导致了电池爆炸起火事故。
事故现场无人机电池已爆炸烧成灰烬,更令蔡先生心寒的是，在此次事件中，由于火灾较为严重，事故现场无人机电池已爆炸烧成灰烬，已无相关可辨认的直接证据。
甚至还可能导致电池在使用中发生自燃或爆炸,电池鼓包说明了什么，有什么危害？资深家电行业分析师梁振鹏表示，电池出现鼓包有两种原因：一是使用者过度充电，或把电池放在太热、太冷、潮湿的环境下，或充电器不适配等；二是电池有质量问题，例如内部发生短路，发生了大量气体反应等。鼓包会导致待机时长降低、电池寿命缩短，甚至还可能导致电池在使用中发生自燃或爆炸。而无人机电池的鼓包会比手机电池鼓包的危害更大，因为无人机电池的容量比较大，如果发生自燃或爆炸，破坏力肯定比手机电池爆炸更为惊人。
如果电池过度掉电,1.电池故障：无人机的电池是其能够持续飞行的动力源。如果电池出现故障，如电量过低、电池老化等，无人机就无法正常飞行。如果电池过度掉电，电池与无人机的连接不合适，都可能导致无人机无法正常飞行。
然后就提示电调异常,一次正常的飞行（无炸机）关机后，再开启机器传出震动，然后就提示电调异常，无法起飞，重新启动也是一样。
在降落后显示电调故障需重启无人机,由于在6月24日飞丢了心爱的Mavic 3，通过置换了一台新的（现在严重怀疑是翻新机！！！）7月3日飞行结束后显示过一次IMU组件故障，通过IMU校准和重启显示正常。后来一直未飞行，7月5日飞行拍摄延时摄影，拍摄时已感觉云台图传有微小晃动，以为是风的原因没在意，拍摄完毕悬停空中和朋友说话来着，然后屏控就放在了一边，预计半分钟左右听到自动返航提示，随即查看，发现提示IMU故障，5秒左右又提示飞控组件故障，在返航途中，云台图传明显晃动，但安全返航，返航后通过手机app联系大疆客服询问情况，同时拍照把提示错误发给客服，在降落后显示电调故障需重启无人机，在重启后显示一切正常可以飞行，在客服询问重启后是否正常时，启动了无人机悬停在10-20米左右，同时遥控器放在身边未动，继续和客服沟通中，然后无人机自己直直的往前飞行（未操控），（飞行数据中应该可以看到、且可以看到我是手机app在和客服沟通，并未通过屏控，而且时间点也是能对上的）因是空旷地带.通过摇杆也无法停止向前飞行，随即发生撞树。然后花了2个多小时把无人机从高高的树上弄下来，心疼啊，平时爱惜的不行，现在撞的面目全非的。而且4月底月份入手的air2也是出现过IMU组件故障，也是用了一个月不到，这台Mavic 3又是飞丢置换的，我现在严重怀疑大疆置换的是翻新机，如果不是翻新机，我一个从买第一台无人机至今也就刚满2个月的人有那么倒霉，2台机器都有同样的故障吗？大疆品质是这样的吗？真的很寒心啊！请给我一个合理的解释，一个合理的方案！不然真的不敢再用大疆！
Yaw电机损坏导致云台增稳类故障,经检测，定损结果为：Pitch轴支架损坏导致云台增稳类故障，Yaw电机损坏导致云台增稳类故障，主控板损坏导致操控、飞控类故障，由于您的产品现已超出保修范围，需要您付费处理。 上盖电池仓口轻微破损（功能正常）。
我就外壳和云台外轴和电机损坏并且也不严重,我就外壳和云台外轴和电机损坏并且也不严重，就云台严重点而已。我的螺旋桨有一定损坏就换了，大疆还收我400多
云台电机过载”,御2专业版，不带屏遥控器（RC1A）丢失，换成RC1B。出现以下故障：遥控器与主机连接开机后，云台乱转，有时在转到与机体接触位置后就停住不动。屏幕显示“云台启动受阻”“云台电机过载”“云台电机负载过大请检查”等提示。此时，在屏幕的“通用设置”中找不到“云台”图标，无法对云台的参数进行调校，同时遥控器左上方的手动拨轮也无法调整云台的俯仰角度。 但有时在多次轻转云台后，云台又会恢复正常，此时在“通用设置”的屏幕中又可以找到“云台”图标，遥控器左上方的手动拨轮也可以调整云台的俯仰角度了。有时云台也能停在正中位置、不再左右摆动，又能够正常拍摄照片或视频了。 另外，在云台图标出现后，进行云台自动校正时，当时进行到60%时，云台与机身接触后，云台校正就始终停止在60%，不再继续下去了。 相关图片、视频如下，供参考。
云台电机过载”,一旦出现，“云台电机过载”提示后。先有两个确认：一是不是无人机出现过磕碰现象？如果磕碰过，请注意是云台电机线路或者云台机械部分故障，这样需彻底检查云台相机，如肉眼观察不到，云台复位等不能取消提示，就必须返厂维修了。第二确认就是，云台保护罩没有取下来的时候，就打开过无人机的电源，在移除保护罩后，还出现了云台电机过载的提示，这时就需要对这个提示进行处理了。
刚起飞30秒电机过载炸机差点掉马路上砸到人,2023年1月19号买的御三，刚过保半个月，刚起飞30秒电机过载炸机差点掉马路上砸到人，刚过保大疆让人自费大家有这样的情况吗
无人机云台电机过载是常见的故障提示之一,无人机云台电机过载是常见的故障提示之一，这是因为，我们一般用云台保护罩带无人机出去拍摄，有时候，在飞行之前没有完全移除云台保护装置（云台卡扣，泡沫保护块或球形保护罩等）所致。
还出现了云台电机过载的提示,一旦出现，“云台电机过载”提示后。先有两个确认：一是不是无人机出现过磕碰现象？如果磕碰过，请注意是云台电机线路或者云台机械部分故障，这样需彻底检查云台相机，如肉眼观察不到，云台复位等不能取消提示，就必须返厂维修了。第二确认就是，云台保护罩没有取下来的时候，就打开过无人机的电源，在移除保护罩后，还出现了云台电机过载的提示，这时就需要对这个提示进行处理了。
无人机云台电机过载与无人机动力不足（,这里特别注意的是，无人机云台电机过载与无人机动力不足（无人机电机动力不足或者说无人机电机过载）是两个概念，具有不同的意思，无人机云台电机过载是说云台花费很大力气才能维持云台的工作状态，是无人机机云台的电机堵转了，这与云台相机有关。不会影响无人机安全飞行，主要检查云台部分是否有摔过，检查云台电机是否异常，有没异物卡住，或者云台电机轴有没变形即可。
无人机电机动力不足或者说无人机电机过载）,这里特别注意的是，无人机云台电机过载与无人机动力不足（无人机电机动力不足或者说无人机电机过载）是两个概念，具有不同的意思，无人机云台电机过载是说云台花费很大力气才能维持云台的工作状态，是无人机机云台的电机堵转了，这与云台相机有关。不会影响无人机安全飞行，主要检查云台部分是否有摔过，检查云台电机是否异常，有没异物卡住，或者云台电机轴有没变形即可。
无人机云台电机过载是说云台花费很大力气才能维持云台的工作状态,这里特别注意的是，无人机云台电机过载与无人机动力不足（无人机电机动力不足或者说无人机电机过载）是两个概念，具有不同的意思，无人机云台电机过载是说云台花费很大力气才能维持云台的工作状态，是无人机机云台的电机堵转了，这与云台相机有关。不会影响无人机安全飞行，主要检查云台部分是否有摔过，检查云台电机是否异常，有没异物卡住，或者云台电机轴有没变形即可。
电机过载”,御2专业版，不带屏遥控器（RC1A）丢失，换成RC1B。出现以下故障：遥控器与主机连接开机后，云台乱转，有时在转到与机体接触位置后就停住不动。屏幕显示“云台启动受阻”“云台电机过载”“云台电机负载过大请检查”等提示。此时，在屏幕的“通用设置”中找不到“云台”图标，无法对云台的参数进行调校，同时遥控器左上方的手动拨轮也无法调整云台的俯仰角度。 但有时在多次轻转云台后，云台又会恢复正常，此时在“通用设置”的屏幕中又可以找到“云台”图标，遥控器左上方的手动拨轮也可以调整云台的俯仰角度了。有时云台也能停在正中位置、不再左右摆动，又能够正常拍摄照片或视频了。 另外，在云台图标出现后，进行云台自动校正时，当时进行到60%时，云台与机身接触后，云台校正就始终停止在60%，不再继续下去了。 相关图片、视频如下，供参考。
电机过载”,一旦出现，“云台电机过载”提示后。先有两个确认：一是不是无人机出现过磕碰现象？如果磕碰过，请注意是云台电机线路或者云台机械部分故障，这样需彻底检查云台相机，如肉眼观察不到，云台复位等不能取消提示，就必须返厂维修了。第二确认就是，云台保护罩没有取下来的时候，就打开过无人机的电源，在移除保护罩后，还出现了云台电机过载的提示，这时就需要对这个提示进行处理了。
电机过载”,而无人机提示，“无人机动力不足，电机过载”的话，这与飞行安全有关。请马上降落，进一步检查，不然就有炸机的危险。同时还要注意的是：如果无人机是在运动模式（S 档）下出现这样的提示的话，是由于杆量过大导致云台超出限位，只要打杆轻柔一些现象就会消失。
云台电机过载】,例如，2021年5月20日，一位消费者反映，“本人于2019年11月12日购入大疆Mavic Air 无人机。无人机总飞行次数不超过30次，无任何暴力飞行和磕碰损伤。2021年初无人机间歇性出现【云台电机过载】故障，但降落后再次使用故障消失，飞行正常。直至2021年5月15日，飞行再度出现这个问题，依照客服指令重刷固件均存在故障码。返厂维修检测告知‘云台轴臂损坏导致云台增稳类故障’，需要更换云台轴臂组件。其他用户也反馈过云台电机过载问题（大疆产品社区均有反馈），非个例问题，但大疆以产品过保原因拒绝提供免费更换服务。大疆无人机云台存在产品质量缺陷，要求大疆免费更换云台轴臂组件，并对无人机再次检测是否存在其他设计缺陷，正视产品质量和用户诉求！”
其他用户也反馈过云台电机过载问题（,例如，2021年5月20日，一位消费者反映，“本人于2019年11月12日购入大疆Mavic Air 无人机。无人机总飞行次数不超过30次，无任何暴力飞行和磕碰损伤。2021年初无人机间歇性出现【云台电机过载】故障，但降落后再次使用故障消失，飞行正常。直至2021年5月15日，飞行再度出现这个问题，依照客服指令重刷固件均存在故障码。返厂维修检测告知‘云台轴臂损坏导致云台增稳类故障’，需要更换云台轴臂组件。其他用户也反馈过云台电机过载问题（大疆产品社区均有反馈），非个例问题，但大疆以产品过保原因拒绝提供免费更换服务。大疆无人机云台存在产品质量缺陷，要求大疆免费更换云台轴臂组件，并对无人机再次检测是否存在其他设计缺陷，正视产品质量和用户诉求！”
突然电机停转 ,昨晚上拍城市夜空 前期拍摄正常 飞到三百米的时候 突然电机停转 自由落体了 导致飞机丢失。 案例号CAS-7053928-Q2K7Z8 四美请帮我提交下 我这个案例没法寄回飞机了 需要手动提交分析
起飞不到一分钟提示电机停转、,飞行视频，起飞不到一分钟提示电机停转、随后直接坠机，还好是在空旷的坝子，没砸到人万幸啊。话说这种非人为的故障，算是飞机的产品质量问题吗、电池电量都正常。飞友们有没遇到类似情况分享下啊，今天寄给了大疆官方等待结果，本来想的是过节放假出去好好飞一圈，结果坠机了。另外，我这种有备用机这个服务吗？买了随心换，后面等官方的答复再更新。
电机空中停桨,第一次：买来第2天，运动档撞墙，云台飞了。还好是京东，免费换了。 第二次：不知道怎么回事，电机空中停桨，却确认过不是人为，大疆客服不信，僵持了一段时间，妥协，维修费2300元。 第三次：室内姿态模式，漂移炸机，mini4p的云台又飞，目前维修费未知。
并且也多次提示云台电机过热,我的Mavic是10月份换新的机器，拆开包装准备激活就发现右机臂转动的里侧白粉状灰层，当时就联系微信客服，说擦调激活，不影响使用的，我也就信了，擦干净激活了，飞了几天再看又出现白粉状灰层，我再次擦干净，过几天还是有，并且也多次提示云台电机过热，过载，就再联系微信客服，让我寄回检测，检测结果说这个机臂磨檫属于正常的，也没有检测出云台过载 过热的问题，说一切正常，我就想问一下工程师，这个机臂的磨檫如果属于正常的，那么为什么我之前的air2没有出现过，御3也没有出现过这个问题，换新之前的御3pro也没有这个问题的，我的朋友们几台御3和3pro也没有出现过这样的问题，我就想知道这个到底个属于正常的？并且我申请售后还是在换新的15天以内的条件的，
维修人员说电机烧了两个,然后等到4月底，拿到P80无人机之后，唐波第一次作业，无人机就突然失去控制，撞到了电线杆子上，桨叶也被打坏。当时他赶紧送去经销商那里，维修人员说电机烧了两个，撒播器也有了问题，维修了三四天却仍然没有修好。
秒左右又提示飞控组件故障,由于在6月24日飞丢了心爱的Mavic 3，通过置换了一台新的（现在严重怀疑是翻新机！！！）7月3日飞行结束后显示过一次IMU组件故障，通过IMU校准和重启显示正常。后来一直未飞行，7月5日飞行拍摄延时摄影，拍摄时已感觉云台图传有微小晃动，以为是风的原因没在意，拍摄完毕悬停空中和朋友说话来着，然后屏控就放在了一边，预计半分钟左右听到自动返航提示，随即查看，发现提示IMU故障，5秒左右又提示飞控组件故障，在返航途中，云台图传明显晃动，但安全返航，返航后通过手机app联系大疆客服询问情况，同时拍照把提示错误发给客服，在降落后显示电调故障需重启无人机，在重启后显示一切正常可以飞行，在客服询问重启后是否正常时，启动了无人机悬停在10-20米左右，同时遥控器放在身边未动，继续和客服沟通中，然后无人机自己直直的往前飞行（未操控），（飞行数据中应该可以看到、且可以看到我是手机app在和客服沟通，并未通过屏控，而且时间点也是能对上的）因是空旷地带.通过摇杆也无法停止向前飞行，随即发生撞树。然后花了2个多小时把无人机从高高的树上弄下来，心疼啊，平时爱惜的不行，现在撞的面目全非的。而且4月底月份入手的air2也是出现过IMU组件故障，也是用了一个月不到，这台Mavic 3又是飞丢置换的，我现在严重怀疑大疆置换的是翻新机，如果不是翻新机，我一个从买第一台无人机至今也就刚满2个月的人有那么倒霉，2台机器都有同样的故障吗？大疆品质是这样的吗？真的很寒心啊！请给我一个合理的解释，一个合理的方案！不然真的不敢再用大疆！
左转发现飞控抽风,大概从46S开始，左转发现飞控抽风，偏航是转了，但是飞机继续往一个反向飞（这是N档不是M档），横滚无法调节飞机姿态，左右偏航无法调整飞行方向。倒飞撞墙后飞机反向飞行，继续无法控制（3代手柄控制），无法停车，飞回后继续无法控制，只能调节高度，对着人就过来了。这个留下心理阴影了。请大疆官方看一下哇，求解答。
安全返航和感应器刹停同时失效如同科幻片AI崛起,mini3pro (首炸而且还炸得冤枉) 安全返航和感应器刹停同时失效如同科幻片AI崛起
核心板没进水,好消息是，核心板没进水，云台没过载，除了螺旋桨污渍外，机身上没有地方变形，坏消息，无人机，一个从无人机正面看，右上电机，好像进了草籽，个人尝试把电机拆开，但是电机螺丝太紧了，弄不下来，放弃了，但是无人机电机能正常启动，也能正常飞行，但是启动电机的时候，这个无人机电机会转，开始抽动一下，后来便没有声音了，但是每次启动电机的时候都有这个现象，在线求助
不是红外报错就是视觉故障,时隔5个多月，不多不少，又又又炸鸡了。感觉这个事故率比M3D/M3TD高不少，同样是在更换机器时部署的机场2，暂时倒是没有该类事故。真的是奇葩到家了。每一次机损就是大大大的损失，从更换维修来说，更换的新机器就存在各种问题，不是红外报错就是视觉故障，而这次飞行前还专门送修保养了一次。但是还是不偏不倚，不多不少的间隔，炸鸡又来了.....降落伞依旧没开......
摔坏了一个机臂上的灯,如题，降落时候我是向下打杆降落的，没有用一键降落，下方是个台阶，但是无人机没识别到，突然失去平衡摔了下去，摔坏了一个机臂上的灯，但是还能起飞，起飞之后发现前后避障失效了，用手接近无人机很近也无法识别，这种情况给免费维修嘛，还是说因为没用一键降落会判定责任在我
机臂电机桨叶起落架全部报废,昨天试飞了一台轴距900左右使用n3飞控的四轴飞机，低空悬停一段时间后有微弱窜高表现，欲将其降落的时候突然开始不受控升高，期间油门杆几乎全部拉至最低，但并无明显降落趋势，最终无奈在15米左右高度紧急停桨炸机，机臂电机桨叶起落架全部报废，后观察黑盒数据发现高度传感器与输出控制器并无明显异常。电机拉力不一致的问题之前也一直存在，但并未造成过明显影响。飞行参数使用大疆默认推荐值，飞行前校准过指南针，imu在一个月前校准过，实在没什么思路了，向大家来求助，多谢
就右面前机臂断裂,炸了，炸了，这个飞机两年多第一次炸鸡。因侧飞不小心撞到电线造成炸鸡，还好只有20米高度左右掉下来摔包谷地里，捡起来查看损失不是很大，能正常启动没有报错，就右面前机臂断裂，打算自己动手换机臂就是不知道如何拆卸。有换过机臂的朋友没有请教一下这个怎么拆卸，机臂里面线速是带插头的吗，需要点焊吗
机臂断了2个,飞机是6月份刚买的，熟悉操作了之后，初生牛犊不怕虎，每一次飞行基本都是S档，有时为了追求速度与激情，直线加速，21米每秒，但~~~是，我最后一次目视飞行，看反了方向，直直的向着楼房撞了上去，飞机当场报废，云台相机掉了，机臂断了2个，避障烂了4个，飞机去见了夏清😅
左后机臂有点损坏,御3pro，今天晚上九点多，刚飞10米高一点，突然不受控制，末推杆，自己前行，碰到树叶，掉落地上，左后机臂有点损坏，怎么回事？
我的mini3机臂异响了,我的mini3机臂异响了，但飞起来没有什么问题，还要去修吗。
2s后机臂折叠后会有松动,各位，Air 2s后机臂折叠后会有松动，一边晃动大点，一边晃动小点，展开后没有松动，请看链接视频，你们有这种情况？这种需不需要寄修？谢谢。
机臂边缘刮蹭了一点,前几天mini se出去在乡村飞，作死飞低了点，直接变姿态模式撞墙。不过检查后发现云台外表有擦痕，机臂边缘刮蹭了一点，8个桨叶全部报废。跟换桨叶后发现飞行正常，云台也正常，这种情况还要寄售后吗？
机身底部有划伤维修的费用大概需要多少米,飞机坠机了，之后弹出这么多故障，外观前腿明显骨折，摄像头后边有裂痕，机身底部有划伤维修的费用大概需要多少米，飞机型号是 AIR2S
机身飞行器核心板损坏导致图传信号类故障”,经过检测，大疆售后给出的定损结果为“机身飞行器核心板损坏导致图传信号类故障”。郑先生花费1482元进行了维修，包括更换飞行器核心板的耗材费、维修服务费和运费。
定损结果为机身飞行器核心板损坏导致图传信号类故障,郑先生无人机第一次检修报价单，定损结果为机身飞行器核心板损坏导致图传信号类故障。后来他发现自己的无人机故障很大可能在于遥控器，因为朋友的同款遥控器能正常控制自己的无人机，不会出现故障提醒。
索性机体没有大的损伤,无人机被我迫降在了野地里，无人机瞬间变成割草机，割断了好几根杂草，并且，无人机桨叶也报废了一对，无人机也被喷的一飞机的草汁，很难弄掉，索性机体没有大的损伤，擦擦还能战。因为我找到飞机时，飞机电量已经彻底耗尽。所以我找了半个小时后才找到飞机，并且沾了满身的鬼针草，路上的人都奇怪的看着我。所以，海上飞行需谨慎，长距离拉距不建议，大风天不能飞，建议飞友们要在出门前查看实时天气，风力，还有风向。避免炸机。说实话，连炸几次机，都没有损坏，我运气也真够好，祝大家好运，永不炸机。
所以幸只损坏一个机翼,大疆飞友鼎力相助！最后视频显示撞向大楼19楼客厅，未关窗户。在楼下寻找一个多小时，还观看了录像，怕被用户捡走。寻求本县飞友帮助，无人机搜寻无人机，最后成功在16楼的雨棚先到无人机，所以幸只损坏一个机翼！再次感谢蓬溪飞友顶级帮助！
废了两片桨,mavic air 2在国内购买，也买了care。但是在日本智能飞行时撞树落下来。废了两片桨，有一条腿关节处出现裂缝。其他地方没有损坏。 请问如何寄修？是不是必须要寄到国内维修？可否寄到日本的维修中心维修？
桨叶废了4片😭,呜呜呜，买回来第二天，认为我行了，直接低空运动档，把eir3当穿越机飞，撞楼了，桨叶废了4片😭
无人机桨叶也报废了一对,无人机被我迫降在了野地里，无人机瞬间变成割草机，割断了好几根杂草，并且，无人机桨叶也报废了一对，无人机也被喷的一飞机的草汁，很难弄掉，索性机体没有大的损伤，擦擦还能战。因为我找到飞机时，飞机电量已经彻底耗尽。所以我找了半个小时后才找到飞机，并且沾了满身的鬼针草，路上的人都奇怪的看着我。所以，海上飞行需谨慎，长距离拉距不建议，大风天不能飞，建议飞友们要在出门前查看实时天气，风力，还有风向。避免炸机。说实话，连炸几次机，都没有损坏，我运气也真够好，祝大家好运，永不炸机。
8个桨叶全部报废,前几天mini se出去在乡村飞，作死飞低了点，直接变姿态模式撞墙。不过检查后发现云台外表有擦痕，机臂边缘刮蹭了一点，8个桨叶全部报废。跟换桨叶后发现飞行正常，云台也正常，这种情况还要寄售后吗？
铂金版安装老款的桨页全力飞行的噪音也不低；,值得一提的是，环球无人机在测试时发现，普通版的大疆Mavic Pro在剧烈动作时会发出较大的轰鸣声，可达75分贝；铂金版安装老款的桨页全力飞行的噪音也不低；而铂金版配新款桨在全力工作时的声音也依然比较轻柔，一直没超过70分贝。
桨叶没有明显变形,一直小心飞行，远离人群，没想到成功降落后还能炸鸡。 降落了，桨停了，不知哪里冲出了熊孩子要看飞机，然后上去就是一脚..... 好在熊孩子太小，只踩在了右前伸出的桨叶上，不然这炸的太冤，也能让家长赔到肉疼。桨叶没有明显变形，机身没有可见裂痕，继续夜航拉锯。
结果意外发现除了桨叶损坏后,飞机型号御3 ， 换新之后的第2次飞行 1.起飞环境，海拔4500+（符合御3 6000米以下飞行环境要求）的山顶，周围无任何遮挡，地面温度0℃，时间下午17点多 2.起飞后离地面约20多米时，飞机进入姿态模式，后续被风吹走，提示需要强制降落，遥控无法取消降落，打杆无响应，无法上升，无法前进。后续坠落山谷失联。 3.下山寻找后重新与遥控取得连接，飞机已倾覆，实际坠落距离离起飞点不到100米。 首先对这次遇到的 BUG 并不陌生，去年和朋友在飞御2时，也同样遇到过这种情况，也是飞上20几米的高度，眼睁睁看着飞机下降，无法做任何控制。但之后很难复现问题，再次使用也并无异常。 当天夜里，山上下了一整夜雪，本以为就算找回飞机也是尸体，结果意外发现除了桨叶损坏后，其他一切正常。回来后因为一直忙，也没送去官网检测，估计也测不出啥问题，就这样吧。
幸好只损坏了一片桨叶,第一次夜拍护城河，遇到下雨夹雪，匆忙收队，结果撞树炸机了，本来都放弃了，以为掉河里了，结果在树丛里找到了，幸好只损坏了一片桨叶
拿下来的时候一个桨叶断了,本来准备贴地飞行，结果一个没注意，撞上了避障看不见的细小树枝，然后就挂在了树上，拿下来的时候一个桨叶断了，另一个桨叶有个坑。
机械震动导致云台接口间歇接触不良,M300 rtk近期使用高频率出现H20t云台相机假死状况，具体表现情况 1飞行器开机自检过后，遥控端屏幕健康管理系统界面无法识别到已经挂载了云台相机，实际已经挂载并完成旋转自检，检查飞行器发现H20t云台僵硬，无法保持水平自稳亦无法控制。 2飞行器自检后，管理端检测到云台接口挂载了H20t相机，但不显示H20t画面(镜头盖已摘，没有H20t相机相关操作界面)，H20t云台能自稳但无法操控 故障根源 机械震动导致云台接口间歇接触不良。 导致一个问题，你不知道H20t云台相机什么时候会在在空中就罢工了。
相机镜头故障报错1C000310,相机镜头故障报错1C000310，实际实用并未发生异常。重启、利用电脑程序重新升级固件都法清除故障。请问有遇到同样问题的飞友嘛
mini4pro相机镜头故障无法对焦,mini4pro相机镜头故障无法对焦，突然之间就成这样了，太令人意外了。
相机镜头故障”,这两天每天飞一小会不超30分钟，期间没有碰触过硬物，今天一开机就显示“相机镜头故障”，请问这是什么情况啊
相机镜头故障”,新购mini 4 飞行40天左右，一直正常使用，一个星期前发现提示“相机镜头故障”，按提示重启无人机，但还是无法消除故障，像这种情况需要返修吗？还是只是软件打BUG就行了？
视觉镜头镜片有脏物遮挡、,有些飞友的飞行器在高空飞行，准备下降过程中出现下降速度奇慢，一般来说飞行界面会报错“下视故障”或“检测到下方有障碍物”，慢到0.2m/s的速度，然后你各种拉杆到底，就是下不来，然后耗尽电量，炸机了。出现这种问题，一般是视觉定位出现了问题，常见原因包括：太久没有做视觉标定，视觉镜头镜片有脏物遮挡、下方有强光照射，碰撞或下摔导致视觉镜头移位等。预防这个故障也很简单，做好日常维护就好，定期做视觉标定，定期清理检修设备就可以了。但如果在高空出现这种情况，怎么止损，尽量降低损失，紧急情况下可以按以下步骤操作。
只摔坏了一副螺旋桨 ,第一次炸鸡🍗 大疆永远滴神 只摔坏了一副螺旋桨 然后有点刮蹭 其他没点事 换了一副新的螺旋桨 重新校准了一遍 又可以正常飞行了 大疆真的是我最信任的品牌了！！！
我的螺旋桨有一定损坏就换了,我就外壳和云台外轴和电机损坏并且也不严重，就云台严重点而已。我的螺旋桨有一定损坏就换了，大疆还收我400多
螺旋桨损坏、,1. 故障现象：机身出现裂痕、螺旋桨损坏、起落架折断等。
螺旋桨断了两对,刚买的mini4pro第三天就炸了 想问下修理价格大概是多少哇。云台支架和连接线断了 前臂摇晃 机身开裂 螺旋桨断了两对
所以断了小半个螺旋桨,飞的时候太着急了，直接撞楼上去了，大概是30米的高度，然后掉下来，因为有树挡住了，所以断了小半个螺旋桨，也是因为掉下在水泥地上，如果不是水泥地，这小半个螺旋桨应该不好断，不过也用了这么久了，我那时候是80左右买的，一个螺旋桨就十块钱啊 因为情况特殊，掉下来看了一下没有什么问题我还是使用这个断了的螺旋桨起飞了，无人机没有其他问题，不过我下来的时候这个螺旋桨把以前的声音要大很多
这小半个螺旋桨应该不好断,飞的时候太着急了，直接撞楼上去了，大概是30米的高度，然后掉下来，因为有树挡住了，所以断了小半个螺旋桨，也是因为掉下在水泥地上，如果不是水泥地，这小半个螺旋桨应该不好断，不过也用了这么久了，我那时候是80左右买的，一个螺旋桨就十块钱啊 因为情况特殊，掉下来看了一下没有什么问题我还是使用这个断了的螺旋桨起飞了，无人机没有其他问题，不过我下来的时候这个螺旋桨把以前的声音要大很多
掉下来看了一下没有什么问题我还是使用这个断了的螺旋桨起飞了,飞的时候太着急了，直接撞楼上去了，大概是30米的高度，然后掉下来，因为有树挡住了，所以断了小半个螺旋桨，也是因为掉下在水泥地上，如果不是水泥地，这小半个螺旋桨应该不好断，不过也用了这么久了，我那时候是80左右买的，一个螺旋桨就十块钱啊 因为情况特殊，掉下来看了一下没有什么问题我还是使用这个断了的螺旋桨起飞了，无人机没有其他问题，不过我下来的时候这个螺旋桨把以前的声音要大很多
螺旋桨磨损情况、,2. 周期性检查项目：包括电池健康状态、螺旋桨磨损情况、电机运行状态、电路连接可靠性等。建议每次飞行前进行简单检查，每飞行一定时长后进行详细检查和维护。
能不能确认是软件bug而不是飞机质量问题,各位大佬，本人新手一枚，最近飞我的小飞机的时候发现使用手机界面上的长按一键起飞和一键返航有几率不响应，而且几率还挺高，但是使用遥控器上的按键长按返航就完全没有问题，手动起飞也没毛病，有人遇到过同样的问题吗，能不能确认是软件bug而不是飞机质量问题？感谢各位大神
将其发送至无人机并评估哪些输入可能导致软件崩溃,研究人员开发的模糊测试工具要生成DUML数据包，将其发送至无人机并评估哪些输入可能导致软件崩溃。只要能够引发崩溃，就说明编程中存在错误。Thorsten Holz解释道，“但并不是所有安全漏洞都会引发崩溃，也有一些错误会导致序列号等数据发生变化。”
用户可以快速定位到摄像头出现故障的原因,检查完飞行控制系统，系统会自动检测摄像头是否完好。通过这次自检，用户可以快速定位到摄像头出现故障的原因。在日常维护使用过程中，摄像头容易出现故障，主要原因是在拍照或录像的时候受到强烈的震动，造成摄像头的损坏。因此，在拍摄过程中需要注意摄像头的稳定性，以免出现摄像头的故障问题。
摄像头容易出现故障,检查完飞行控制系统，系统会自动检测摄像头是否完好。通过这次自检，用户可以快速定位到摄像头出现故障的原因。在日常维护使用过程中，摄像头容易出现故障，主要原因是在拍照或录像的时候受到强烈的震动，造成摄像头的损坏。因此，在拍摄过程中需要注意摄像头的稳定性，以免出现摄像头的故障问题。
以免出现摄像头的故障问题,检查完飞行控制系统，系统会自动检测摄像头是否完好。通过这次自检，用户可以快速定位到摄像头出现故障的原因。在日常维护使用过程中，摄像头容易出现故障，主要原因是在拍照或录像的时候受到强烈的震动，造成摄像头的损坏。因此，在拍摄过程中需要注意摄像头的稳定性，以免出现摄像头的故障问题。
摄像头故障可能表现为图像模糊、,1. 故障分析：摄像头故障可能表现为图像模糊、失真或无法传输图像；信号传输系统故障则可能导致遥控信号丢失或图传信号中断。
造成摄像头的损坏,检查完飞行控制系统，系统会自动检测摄像头是否完好。通过这次自检，用户可以快速定位到摄像头出现故障的原因。在日常维护使用过程中，摄像头容易出现故障，主要原因是在拍照或录像的时候受到强烈的震动，造成摄像头的损坏。因此，在拍摄过程中需要注意摄像头的稳定性，以免出现摄像头的故障问题。
AirSense通讯故障”,机器是在4月29号京东上买的，5月1号开始在平均海拔2000米+以上飞行，5月7号左右在4860米以上的地方飞了大概40分钟，三块电池，在最后一块电池做环绕飞行的时候，突然出现了“AirSense通讯故障”的提示。周边有1台御2的机器也在飞。
无人机信号故障和丢失主要是受到干扰或者通讯部件出问题,据悉，无人机信号故障和丢失主要是受到干扰或者通讯部件出问题。无人机一般都有飞行日志，记录飞行状态。我们可以由此判断出了什么状况，有时能自行判断，有时则需要返厂才能调出飞行数据。
无人机信号故障和丢失主要是受到干扰或者通讯部件出了问题,无人机信号故障和飞丢，究竟是哪些因素引起？飞行事故中的责任应如何认定？专业从事无人机培训的北京小飞手教育科技有限公司总经理朱妮表示，无人机信号故障和丢失主要是受到干扰或者通讯部件出了问题。无人机一般都会有飞行日志，记录飞行状态，由此基本可以判断是哪种状况，有的能自行判断，有的需要返厂才能调出飞行数据。
但是在远距离飞行的时候还是要防备通讯联络被干扰或者遮蔽,无人机所使用的电台安全性还是很有保障的，其使用的是跳频电台。机载的电台与地面电台同时不停的改变频道，一对一，不担心被破译，也不担心失锁。但是在远距离飞行的时候还是要防备通讯联络被干扰或者遮蔽。
间歇性图传中断,无人机可以正常起飞降落，遥控操作没问题，间歇性图传中断，诊断结果要整个板子更换？图传问题不是换模块么？
信号传输系统故障则可能导致遥控信号丢失或图传信号中断,1. 故障分析：摄像头故障可能表现为图像模糊、失真或无法传输图像；信号传输系统故障则可能导致遥控信号丢失或图传信号中断。
之后图传丢失（,Mini3Pro 最新固件乡下随拍，手动返航拉至剩余 280m 左右后，拍照瞬间图传卡顿，之后图传丢失（单丢）。 发现摇杆仍可控制飞机返航，故在姿态球+指南针的协助下手动盲飞返航。 再之后遥控信号也丢失（双丢），彻底无法控制飞机。 此时剩余约 20% 电力，水平距离 90m，垂直高度 +75m，设置返航高度+120m 担心遥控器固件存在问题，立即重启遥控器，依旧无法连接飞机。 约半分钟后飞机成功降落至出发点，但整个过程中均无法连接遥控（见拍摄视频）。 降落后重启飞机，遥控器恢复了连接。
丢失了图传（,今年2月，消费者张先生在空旷区域试飞大疆无人机Mini 3并进行录制。“无人机飞到100米左右的高度时，丢失了图传（黑屏）和信号，按照之前经验等信号恢复就行，但从后期视频来看无人机已经完全失控”，据他讲述，无人机坠落到距离起飞点3公里以外的地方，并砸裂了一辆汽车的全景天窗。
图传老是卡顿,御3用了4g的增强图传后，近距离rc遥控信号满格时，图传老是卡顿，关掉增强图传后立刻就不会卡顿，有没有遇到过呀😭还有就是飞机关机后，偶尔手机屏幕会显示imu硬件故障或者云台报错，但是起飞和飞行过程中没有出现，不知道什么情况
图传直接断连,事发地环境如图，在沿岸停的轿车顶部起飞，轿车高1.5米。加上路面到湖面的距离，起飞点到湖面的总高度估计能达到6米，也就是说H值到-6m时才能真正触到湖面。然而我炸机时的高度仅为-0.9m，之后就完全失去了连接，-0.9m和-6m差值太大。另外，就算是触到湖面，那最后也应该有水花和离湖面真正很近的镜头，但是视频里根本没有，图传直接断连。当时飞机距离我只有100多米，且图传信号是满格，不存在信号不好导致的大延迟。所以我的观点是当时飞机突然断连后才掉进水里，然而大疆客服就是认定是我人为打杆失误，几次解释都是这样，说实话很不服。
修回来又断图传,刘先生说，这台无人机买回来没几天相机就出问题（有摩尔纹导致照片拍摄不清晰），寄回厂家（深圳市大疆创新科技有限公司，以下简称大疆科技）维修，修回来又断图传，又寄回去维修，还是没有修好。
出现图传模糊,五一前茶山出行，午后，晴，茶山地形为丘陵缓坡，起飞点接近坡顶，起飞后往坡下湖边飞行，距离起飞点 300米不到，出现图传模糊，触发自动返航，在返航的过程中降低高度后再次图传模糊、遥控手柄受干扰，飞机炸机。马上调出Dji Fly飞机定位，却发现：定位点及影像均非飞机最后落点，而是起飞点。茶山上植被茂密还有森林，没有准确的定位点，根本没法寻找，无奈只能返回。
在返航的过程中降低高度后再次图传模糊、,五一前茶山出行，午后，晴，茶山地形为丘陵缓坡，起飞点接近坡顶，起飞后往坡下湖边飞行，距离起飞点 300米不到，出现图传模糊，触发自动返航，在返航的过程中降低高度后再次图传模糊、遥控手柄受干扰，飞机炸机。马上调出Dji Fly飞机定位，却发现：定位点及影像均非飞机最后落点，而是起飞点。茶山上植被茂密还有森林，没有准确的定位点，根本没法寻找，无奈只能返回。
遥控器图传模块损坏导致图传信号弱”,于是，他将问题再次反馈给大疆售后，大疆售后在第二次检修时给出的定损结果为“遥控器图传模块损坏导致图传信号弱”，给他免费更换了图传模块和一台新的无人机。这次检修也将无人机的遥控连接问题修理好。
定损结果为遥控器图传模块损坏导致图传信号弱,郑先生无人机第二次售后维修报价单，定损结果为遥控器图传模块损坏导致图传信号弱。大疆同时更换了一台新的无人机，郑先生表示自己的无人机很新，状态也很好，但大疆的换机行为并没有征得他的同意。
损坏导致图传信号类故障”,经过检测，大疆售后给出的定损结果为“机身飞行器核心板损坏导致图传信号类故障”。郑先生花费1482元进行了维修，包括更换飞行器核心板的耗材费、维修服务费和运费。
损坏导致图传信号类故障”,与陈先生类似，李先生的无人机此前也维修过两次。其中第二次2021年7月因经常失联送修，维修记录显示“核心板组件（FCC）损坏导致图传信号类故障”，维修完成后开机提示云台卡住。“我自己把它掰一下就好了，因为平时忙很少飞，所以没有反馈给大疆。”李先生怀疑机器并未完全修好。
镜头外壳也撞裂了,11月19号下午拍摄信号塔，最后一个拍摄是15.30.到达下一个拍摄位置后，开机连接，起飞，点击飞行按钮，飞机瞬间贴地面飞出去了，没有正常的先向上起飞一米五后悬停，而是贴地面平飞的。时间只有两三秒。一下子就撞到路边护栏了。四个桨叶坏了三个，镜头外壳也撞裂了，一个支架撞破了。我感觉好像是有一个桨叶没有打开似的。所以才没有往上飞，速度太快了，根本来不及反应，时间大概16点左右。心里别提多沮丧。拿机子回家，到家后换了一套桨叶，看了下镜头没有破，只是外壳有裂痕。再起飞试了下，还能正常起飞，还能正常拍摄。因为还有任务没有完成，就继续拍摄两天，直到25号，才寄给大疆公司，也给他们说了事故时间，他们检测了两天，回复我说没有查到事故记录。没有查到事故记录，那我的机子是怎么坏的？所以我的机子还要自己掏钱修。没办法，只好转账。1360元1、机架机臂组件（右前）破损，云台相机前后壳组件、机架机身下盖组件开裂/裂纹，云台相机镜头组件（长焦）损坏导致拍照、录像及音频类故障，需付费处理。2、电池BLW（2600mAh）*2损坏导致充放电类故障，在保修范围内，提供免费处理。
外壳有点磨损,不小心炸机了，能开机，外壳有点磨损，其他问题没看出来，下一步应该干啥😭😭
就外壳变形了 ,我的御3pro不小心被车压到了 损伤不重，就外壳变形了 云台 视觉什么都正常 可经过大疆修好回来后居然 全报错了，云台 视觉 什么电调都坏了（电调已经付费维修） 返厂案例号： CAS-18354811-N1M5N1 大家可以查下，看下大疆的检测图片 
相机又出新故障了,大疆御3大师版换新后，故障不断，问题反复，寄回维修后，现在除了原来换新后的故障，相机又出新故障了。麻烦客服技术人员用心哟，认真的态度，避免换新换成烫手山芋问题机，保障用户的合法权益，我们花钱该也要有个安心，安全撒。
然后APP提示相机故障视觉系统故障,买的迷你放假回家后因为疫情接近一个月没飞，今天开机后发现云台相机极为快速的上下摆动？然后APP提示相机故障视觉系统故障，问客服说是软件没更新，但是查了一下发现都是新的。。。
因为相机镜头起雾,因为相机镜头起雾，线上寄修更换了云台相机组件（大疆寄修服务是真好），寄修后画面一直抖动。二次寄修之后又更换了云台Y轴臂、Y、P、R轴电机组件。二次寄修之后我又校准了指南针、IMU、云台相机，现在还是明显感觉云台相机增稳性能不如维修前，关闭电源后云台相机也不如维修前灵活。各位飞友，大家有寄修之后，性能感觉没有回到100%状态的情况吗？
都存在信号弱或者无法链接的问题,无人机和遥控器单个都正常，软件也能正常链接遥控器，就是无人机和遥控器之间的通讯信号会经常变弱或者直接无信号了，提示调整天线，但是怎么调整天线，都存在这个信号通讯链接的问题。    已经在室内和室外空旷的地方都进行调试，也更换了不同的手机和ipad，用不同数据线进行测试，固件也都升级过，软件使用DJI GO 4 和 Litchi进行测试，都存在信号弱或者无法链接的问题。目前都不敢飞行，怕飞起来可能就跟无人机断开了。
GPS信号弱,昨天，也就是8月22日傍晚，在一次正常的飞行拍摄中，起飞仅仅过了6分多钟，电池电量、信号、飞行距离、飞行高度等都完全正常的情况下，手机屏幕上突然提示”电子调速器异常“！ 几秒钟后，飞行距离从500来米突然就变成了0米，飞行高度从408米下降到376米！ 过了几秒钟，又提示”IMU需要校准“、”GPS信号弱，已自动进入姿态模式，飞机将不会悬停，请谨慎飞行“。高度下降到360米。 此后几秒钟，一直显示”IMU需要校准“，飞行距离一直显示0米，飞行高度迅速下降到200来米。直到停止在52米的地方，飞行记录也结束在此。 其实，这是后来仔细查看飞行记录时看到的情况。而在当时，当手机屏幕上突然提示”电子调速器异常“的时候，操控的手机实际上已经提示“连不上飞机”了，也就是说遥控器已经无法操控飞机了。
GPS信号弱,昨天拿朋友的一台精灵4P 2.0玩，好几分钟搜星，一直不稳定。起飞时几颗星没注意看。飞到约100米高，直接转姿态模式，自己漂移了，第一次遇到这样的情况，吓到我了，瞬间飞了约几百米，目视已经看不清楚了，手忙脚乱，飞机感觉不太受控。还好立刻看姿态球，尝试几次拉高，转向。还好最后飞回来了。要是砸到人就麻烦了。今天飞机一直提示GPS信号弱，无法起飞。明明还放在桌子上，没动。老是不停提示：无人机已超目视距离，请小心飞。
GPS信号弱,根据大疆提供的数据分析报告（受理编号CAS-8229311-J2C3W2），陈先生的无人机飞行中出现环境GPS信号弱、遥控器信号受到建筑物遮挡的情况，在距离返航点239米时处于失控返航状态，由于飞行路径上出现建筑物遮挡且返航点与起飞点非同一位置，飞行器将在失控返航过程中与建筑物发生擦碰。
GPS信号弱,近日，一女子出游时就带上了无人机，但在使用时，她的大疆无人机突然失控，导致其手被割伤，右手拇指掌关节背侧皮开肉绽，该女子联系大疆无人机，提出医药费、精神损失费等赔偿，以及修理无人机等诉求，但大疆公司表示，无人机失控为GPS信号弱，以及机主操作不当所致，大疆不予赔偿医药费
GPS信号弱,事后，君女士联系大疆无人机，提出医药费、精神损失费等赔偿以及修理无人机等诉求，但被告知，无人机失控为GPS信号弱以及机主操作不当所致，大疆不予赔偿医药费。
GPS信号弱,事后，君女士联系大疆无人机，提出医药费、精神损失费等赔偿以及修理无人机等诉求，但被告知，无人机失控为GPS信号弱以及机主操作不当所致，大疆不予赔偿医药费。对于大疆的处理方式和回应，君女士表示不满，且对于大疆无人机事后给出的检测报告持怀疑态度，认为无GPS信号不至于导致手柄操作失控。
信号弱立即准备返航,今日晚间飞行 起飞系统设置均正常 三级风左右 普通档-运动党 提示强风 信号弱立即准备返航。返航中出现故障：（智能返航）无法前进至返航点原地不动 （手动返航）前推飞行没反应发而向后退 。上升下降转向均正常。就是不能到返航点 近期无更新任何固件。 求助飞友们有遇到过嘛！准备送检看看
今天飞机一直提示GPS信号弱,昨天拿朋友的一台精灵4P 2.0玩，好几分钟搜星，一直不稳定。起飞时几颗星没注意看。飞到约100米高，直接转姿态模式，自己漂移了，第一次遇到这样的情况，吓到我了，瞬间飞了约几百米，目视已经看不清楚了，手忙脚乱，飞机感觉不太受控。还好立刻看姿态球，尝试几次拉高，转向。还好最后飞回来了。要是砸到人就麻烦了。今天飞机一直提示GPS信号弱，无法起飞。明明还放在桌子上，没动。老是不停提示：无人机已超目视距离，请小心飞。
信号弱的缘故,大疆公关部回复记者称，无人机的自动返航不是指原路返航，而是规划航线进行返航。经核查，用户手动将返航高度调整为30米，返航途中经过一片小区层高18楼（约50米高），也因此飞机发生碰撞掉落。用户提到的飞出200米就无法返航，也是因为该小区楼群遮挡，信号弱的缘故。
陈先生的无人机飞行中出现环境GPS信号弱、,根据大疆提供的数据分析报告（受理编号CAS-8229311-J2C3W2），陈先生的无人机飞行中出现环境GPS信号弱、遥控器信号受到建筑物遮挡的情况，在距离返航点239米时处于失控返航状态，由于飞行路径上出现建筑物遮挡且返航点与起飞点非同一位置，飞行器将在失控返航过程中与建筑物发生擦碰。
无人机失控为GPS信号弱,近日，一女子出游时就带上了无人机，但在使用时，她的大疆无人机突然失控，导致其手被割伤，右手拇指掌关节背侧皮开肉绽，该女子联系大疆无人机，提出医药费、精神损失费等赔偿，以及修理无人机等诉求，但大疆公司表示，无人机失控为GPS信号弱，以及机主操作不当所致，大疆不予赔偿医药费
无人机失控为GPS信号弱,事后，君女士联系大疆无人机，提出医药费、精神损失费等赔偿以及修理无人机等诉求，但被告知，无人机失控为GPS信号弱以及机主操作不当所致，大疆不予赔偿医药费。
无人机失控为GPS信号弱,事后，君女士联系大疆无人机，提出医药费、精神损失费等赔偿以及修理无人机等诉求，但被告知，无人机失控为GPS信号弱以及机主操作不当所致，大疆不予赔偿医药费。对于大疆的处理方式和回应，君女士表示不满，且对于大疆无人机事后给出的检测报告持怀疑态度，认为无GPS信号不至于导致手柄操作失控。
无人机失控为GPS信号弱以及机主操作不当所致,事后，君女士联系大疆无人机，提出医药费、精神损失费等赔偿以及修理无人机等诉求，但被告知，无人机失控为GPS信号弱以及机主操作不当所致，大疆不予赔偿医药费。
无人机失控为GPS信号弱以及机主操作不当所致,事后，君女士联系大疆无人机，提出医药费、精神损失费等赔偿以及修理无人机等诉求，但被告知，无人机失控为GPS信号弱以及机主操作不当所致，大疆不予赔偿医药费。对于大疆的处理方式和回应，君女士表示不满，且对于大疆无人机事后给出的检测报告持怀疑态度，认为无GPS信号不至于导致手柄操作失控。
如果提示信号弱,无人机中断信号前，并没有提示信号较弱，反而在失联后 app 提示信号较弱。这是不是产品的 bug 呢？（据我前几次的飞行经验，信号被遮挡干扰，是有由强变弱过程的，如果提示信号弱，我会马上拉回无人机，不会放任它继续向前飞的。）但此次事故，无人机失联前无任何提醒征兆。在设计弱信号预警的时候有没有留足余量？？
在设计弱信号预警的时候有没有留足余量,无人机中断信号前，并没有提示信号较弱，反而在失联后 app 提示信号较弱。这是不是产品的 bug 呢？（据我前几次的飞行经验，信号被遮挡干扰，是有由强变弱过程的，如果提示信号弱，我会马上拉回无人机，不会放任它继续向前飞的。）但此次事故，无人机失联前无任何提醒征兆。在设计弱信号预警的时候有没有留足余量？？
以往都会显示信号不好,1. rc pro 从录像切换到照片模式（设定为16：9）后，屏幕右侧出现一条竖着的横线，重新切换3：2一下就好了。不知道是固件问题还是遥控器问题 2. rc pro 显示23颗星 突然断联，以往都会显示信号不好，再断联，现在直接断联 3. air2s 视频边缘模糊，中间部分清晰，是光圈问题？还是画质这样？还是云台有问题 4. rc pro 自定义按键太鸡肋，很多好的自定义功能没法实现（比如自定义快门、自定义视频模式切换、自定义峰值及斑马纹显示、自定义照片格式选择等等，便于专业快速拍摄，这个就是一个固件的事吧） 5.DJI fly 右下角参数调节方式太难操作了，区域太小不容易点触，尤其冬天手指干燥发冷，更难点触，还是分两排，更增加操作难度，极其希望优化界面布局
返航过程中信号一直都不好,"那天自动返航飞回到2-3公里的时候几乎没有图传，平常都是满格的，这一次不知道为什么会那么差，返航过程中信号一直都不好，不停触发自动返航，每次触发它都急停几秒钟,"
不存在信号不好导致的大延迟,事发地环境如图，在沿岸停的轿车顶部起飞，轿车高1.5米。加上路面到湖面的距离，起飞点到湖面的总高度估计能达到6米，也就是说H值到-6m时才能真正触到湖面。然而我炸机时的高度仅为-0.9m，之后就完全失去了连接，-0.9m和-6m差值太大。另外，就算是触到湖面，那最后也应该有水花和离湖面真正很近的镜头，但是视频里根本没有，图传直接断连。当时飞机距离我只有100多米，且图传信号是满格，不存在信号不好导致的大延迟。所以我的观点是当时飞机突然断连后才掉进水里，然而大疆客服就是认定是我人为打杆失误，几次解释都是这样，说实话很不服。
遥控器信号受干扰”,昨天在一个大型办公场所的前方50米准备拍下一下大楼来着，结果刚爬到20米就出现“遥控器信号受干扰”的弹窗， 想想炸鸡的后果感到不寒而栗， 打杆下降，关机收桨，装包走人。 想问问大家， 遥控器也会被干扰吗？不是飞机的GPS信号会遭到干扰吗？ 这是什么情况？
不是飞机的GPS信号会遭到干扰吗,昨天在一个大型办公场所的前方50米准备拍下一下大楼来着，结果刚爬到20米就出现“遥控器信号受干扰”的弹窗， 想想炸鸡的后果感到不寒而栗， 打杆下降，关机收桨，装包走人。 想问问大家， 遥控器也会被干扰吗？不是飞机的GPS信号会遭到干扰吗？ 这是什么情况？
遥控信号也会被干扰,杭州城市阳台起飞后姿态模式极限救机。要来杭州城市阳台飞无人机的飞友注意了❗❗，这附近干扰严重，卫星信号很难搜到，并且很不稳定。遥控信号也会被干扰，才飞出去几百米就失联了
信号干扰强,大疆min3手机快传，非常非常慢，显示（信号干扰强，速度不稳定）怎么解决
无人机信号极易被干扰及遮蔽,经验教训：无人机信号极易被干扰及遮蔽，失控的无人机并非都会触发自动返航。大疆fly上的飞机定位并不准确。起飞即录像，保留坠机点的最后录像很重要！寻找飞机时利用另一架无人机重走坠机航路，反复比对确定坠机点，须知空中视角与地面视角差异很大。
由于信号干扰、,大疆公关部回复记者称，该名用户于加强警示区起飞，在该区域起飞时，APP将在起飞前弹窗提示用户注意飞行安全，且需要勾选责任同意的选项后才可以继续飞行。同时，加强警示区内，由于信号干扰、GNSS定位系统无法正常工作，无人机的自动返航功能将会受到干扰，可能无法完成自动返航。大疆售后原则还是多讲情，已为该用户特殊申请更换单机，且获得用户同意。
信号干扰’,10月3日下午，记者再次拨打郑州万高新区万达广场客服电话，工作人员同样回应说：“当天我们在值守，对于具体情况也不是十分了解，目前得到的情况是因为‘信号干扰’导致的。
信号干扰’,10月3日下午，天下泉城客户端记者再次拨打郑州万高新区万达广场客服电话，工作人员同样回应说：“当天我们在值守，对于具体情况也不是十分了解，目前得到的情况是因为‘信号干扰’导致的。”
可能会受到信号干扰枪等因素干扰,也有玩家提到，在这种非报备不得使用的区域，可能会受到信号干扰枪等因素干扰，导致GPS信号为零，发生无人机“乱飞漂移”情况，“但，仅仅是无GPS信号，不至于发生手柄控制不了的情形，反而是需要及时打杆、手动操作。因此，该事件关键还是在于情况是否属实，检测产品本身是否有问题。”
但没有信号干扰枪等屏蔽举措,此外，记者也联系到了九寨沟风景区，就是否允许无人机飞行，是否有屏蔽信号等措施进行提问。该工作人员告诉记者：“九寨沟不允许无人机飞行，即便是报备申请，也不予通过，如有发现有游客使用无人机，也会有工作人员及时制止，但没有信号干扰枪等屏蔽举措。”
信号被遮挡干扰,无人机中断信号前，并没有提示信号较弱，反而在失联后 app 提示信号较弱。这是不是产品的 bug 呢？（据我前几次的飞行经验，信号被遮挡干扰，是有由强变弱过程的，如果提示信号弱，我会马上拉回无人机，不会放任它继续向前飞的。）但此次事故，无人机失联前无任何提醒征兆。在设计弱信号预警的时候有没有留足余量？？
信号丢失或环境干扰是其中重要的一点,大疆官方统计的五大无人机飞丢原因中，信号丢失或环境干扰是其中重要的一点。当下主流无人机要实现稳定悬停和飞行，主要依靠GPS和指南针的定位和定向作用。
或受到同频段信号干扰,此外，如果在密集建筑物区域内飞行，遥控器与无人机之间的信号，也可能会被障碍物阻挡，或受到同频段信号干扰，导致信号丢失。
除了信号丢失或环境干扰,所以，如果你买了台无人机，千万要找个空旷一点的地方玩，不然飞丢了有你哭的。除了信号丢失或环境干扰，飞行途中撞击，也是无人机飞丢的一个重要原因。
无人机操纵者陈某在遥控器信号已被干扰的情况下,2021年4月17日7时20分左右，西安马拉松赛鸣枪开跑前，西安市公安局特警支队警航大队民警发现在永宁门广场西侧有未经报备的无人机飞行，与赛事航拍直升机飞行距离极为接近，有发生碰撞的危险。为确保赛事顺利进行和现场群众安全，民警立即使用反制设备迫使该无人机返航，待无人机飞行至无人区域时，民警又使用反制设备令无人机迫降。无人机操纵者陈某在遥控器信号已被干扰的情况下，争夺无人机控制权，导致无人机在华侨城大厦附近无人区域坠机。西安市公安局碑林分局依据《中华人民共和国治安管理处罚法》规定，对陈某处以行政拘留5日的处罚。这是陕西省第一起因无人机黑飞扰乱公共秩序被行政拘留的案件。（来源：西安晚报）
无人机操纵者陈某在遥控器信号已被干扰的情况下,4月17日，西安马拉松期间，西安市公安局特警支队民警发现在永宁门广场西侧有未经报备的无人机与央视航拍直升机飞行距离极为接近，有发生碰撞的危险，为确保赛事和现场群众安全，警航大队民警立即用反制设备迫使该无人机返航，待无人机飞行至无人区域时，民警又使用反制设备令无人机迫降。无人机操纵者陈某在遥控器信号已被干扰的情况下，强行争夺无人机控制权，导致无人机在起飞点华侨城大厦附近坠机。陈某被当场抓获，并移交碑林分局巡特警大队处理。
朝鲜干扰GPS信号,韩国购买了大名鼎鼎的S100无人机侦查朝鲜，朝鲜干扰GPS信号，结果S100在自主降落时撞爆了指挥车。所以为了以防万一，即使装备了自动化程度很高的飞控系统，也最好还是有飞手保驾。尤其在楼宇密集的地方起降，为防止多路径效应带来的定位误差，还是建议手动降落。
2.信号干扰,2.信号干扰：当无人机靠近反无人机设备或电源时，可能会发生信号干扰。
2.信号干扰,2.信号干扰：避免让无人机接近电源或电气设备，同时在使用时要确保无人机与遥控器之间的连结是平稳可靠的。
可能会发生信号干扰,2.信号干扰：当无人机靠近反无人机设备或电源时，可能会发生信号干扰。
避免信号干扰或其他原因导致通信故障,5.通信故障：保持良好的通信状态，避免信号干扰或其他原因导致通信故障。
再之后遥控信号也丢失（,Mini3Pro 最新固件乡下随拍，手动返航拉至剩余 280m 左右后，拍照瞬间图传卡顿，之后图传丢失（单丢）。 发现摇杆仍可控制飞机返航，故在姿态球+指南针的协助下手动盲飞返航。 再之后遥控信号也丢失（双丢），彻底无法控制飞机。 此时剩余约 20% 电力，水平距离 90m，垂直高度 +75m，设置返航高度+120m 担心遥控器固件存在问题，立即重启遥控器，依旧无法连接飞机。 约半分钟后飞机成功降落至出发点，但整个过程中均无法连接遥控（见拍摄视频）。 降落后重启飞机，遥控器恢复了连接。
信号丢失2,1、在起飞后800m图传卡盾，信号丢失2、返航过程中不按照返航点返航，返航到距离返航点100m处就停止返航，且无法取消返航，此时电量还剩余20%左右，3、再旋转中，不稳定，水平旋转幅度过大，4、再最后高度多次下降至14m后，因无法不符合下降地块，后自行操作至路边，避障不起作用，撞上建筑物，避障失效，5、上周才让大僵售后维修，为何还会出此问题，不知是人为还是机子故障
下降靠近时信号丢失,一次1600米山顶飞500米高，一个全景没有拍完，被大风吹走几百米，心脏狂跳，赶快一边下降一边返回，没事。一次飞到山顶拍一个岩洞，下降靠近时信号丢失，马上打上升杆，不知有没有效果，重新开遥控器，一会就自动返航回来了！ 第三次在杂草不算多的平地上起飞，拨开杂草，没有清干净，上升不到半米，被杂草击落，拍拍灰继续。 3年多，飞得不算多，经常浏览国内外大疆论坛和看炸机、b站炸机视频。经验还是多飞多看看别人的教训，不一定是炸出来的，但是会偶偶在炸机的边缘徘徊。
无人机就突然丢失了信号,这天我正打算进行例行的海上飞行，结果发现海上凭空出现一沙滩，于是我便想过去探索一下。因为我发现是侧着风，所以我就侧着风让它飞行。无人机去时，就出现了严重的偏航，明明是朝前飞行，无人机却向侧方飞行。风不算大，按理说应该不会出现这种情况。到了2公里多，无人机就突然丢失了信号，于是我就让它自动返航了，结果没想到，按理说，去时慢，回时就应该快。速度倒是快了点，偏航倒是减弱了，但是我可以明显的感受到，漂移比去的时候更严重了，明明是向前打杆，在飞行轨迹上，却是弯曲的。并且当时在图传的画面上，也可以感受到飞机在向右漂移。飞机电量消耗的特别快，明明听有的大佬说，侧着风飞行，比逆风更安全，有效减少炸机几率。但人家逆风都不偏航，你侧着风就要偏航。于是我再次发现了迷你系列的通病，太不抗风了，还容易偏航，当电量已经开始自动降落时，无人机才飞到离岸边300米处，幸好我一波神操作，把无人机弄到了陆地上。这我才放心了点，反正现在就算炸了个稀巴烂，只要弄得到尸体，那就可以200元找夏清换新。
第二是无人机在丢失信号后,大疆收到无人机后分析坠落原因为飞行区有干扰导致失控。但张先生对此感到不满，第一是App对飞行区域仅定义为“弱干扰区”，实际上并非完全失去信号，无人机当时不能通过手动控制；第二是无人机在丢失信号后，没有自动执行返航或者悬停功能，与宣传不符。
无人机上升过程中GPS信号丢失,陈先生反映，他于2021年5月在大疆官网商城购买大疆无人机（DJI Mini 2 畅飞套装+DJI Care随心换1年版），飞行74次，飞行里程152公里，飞行时长近10个小时。2022年1月31日晚，他在浙江瑞安滨江大道某人行道处操作无人机，起飞时GPS信号正常，后信号出现断续，无人机上升过程中GPS信号丢失，大疆账号被强制退出，无人机飞丢。
也出现过信号丢失的情况,对此，陈先生出具现场环境图及公安部门监控证明予以反驳，“当天可能飞到建筑物后方去了，但发现信号接收差我很快走到马路对面开阔位置。这个地方我飞了不下10次，也出现过信号丢失的情况，都安全返航了。如果大疆没有强制退出我的账号的话，我完全有能力操控机器”。
导致信号丢失飞丢,那我还怀疑你们是不是故意设计产品缺陷，导致信号丢失飞丢，然后给张 7 折券让用户再买一个以此来牟利呢？大疆论坛上无人机飞丢的帖子不在少数，我粗略统计了一些，偏偏是 mavic 这个型号有更多人失联飞丢。
信号突然丢失,这台无人机是他在去年双十二期间，于大疆天猫官方旗舰店买的。然而，仅仅数月之后，张先生使用无人机进行环绕拍摄时，信号突然丢失。他当时立马调整遥控器天线，系统提示一键返航，他便按照提示操作，结果无人机还是失去了踪影。
导致信号丢失,那我还怀疑你们是不是故意设计产品缺陷，导致信号丢失飞丢，然后给张 7 折券让用户再买一个以此来牟利呢？大疆论坛上无人机飞丢的帖子不在少数，我粗略统计了一些，偏偏是 mavic 这个型号有更多人失联飞丢。
导致信号丢失,此外，如果在密集建筑物区域内飞行，遥控器与无人机之间的信号，也可能会被障碍物阻挡，或受到同频段信号干扰，导致信号丢失。
依然收获实现图像和GPS信号双丢失~,以家里的路由器为例，隔着薄薄的一面墙，信号或许是一格与五格的差别。而无人机一旦飞到建筑物后面，与遥控器隔着的，可能就是几栋楼，信号能好才怪了。甚至，有人仅仅是尝试从桥底穿过去，依然收获实现图像和GPS信号双丢失~
它是让无人机在信号丢失后,返航点也是和GPS信号有关，它是让无人机在信号丢失后，能够自动飞回你身边。然而，如果在起飞时GPS信号较差，导致无人机没能记录到准确的返航点，这时它可能就“一去不复返”了。
Fly中可将遥控器信号中断后的飞行器行为设置为返航、,针对大疆Mini 3无人机的失控返航情况，大疆客服回复记者称，在DJI Fly中可将遥控器信号中断后的飞行器行为设置为返航、降落或悬停。若设置为降落或悬停，飞行器不会执行失控返航。若设置为返航，当GNSS信号良好、指南针工作正常且飞行器成功记录了返航点，当飞行器和遥控器信号中断11秒或以上，飞行器进入失控返航。大疆Mini 3用户手册中提及限飞区将对自动返航造成影响，风速过大也可能无法成功返航。
当飞行器和遥控器信号中断11秒或以上,针对大疆Mini 3无人机的失控返航情况，大疆客服回复记者称，在DJI Fly中可将遥控器信号中断后的飞行器行为设置为返航、降落或悬停。若设置为降落或悬停，飞行器不会执行失控返航。若设置为返航，当GNSS信号良好、指南针工作正常且飞行器成功记录了返航点，当飞行器和遥控器信号中断11秒或以上，飞行器进入失控返航。大疆Mini 3用户手册中提及限飞区将对自动返航造成影响，风速过大也可能无法成功返航。
消费者丁先生购买的大疆Avata无人机在飞行过程中出现信号中断,今年3月，消费者丁先生购买的大疆Avata无人机在飞行过程中出现信号中断，自动返航的情况。据他讲述，无人机在返航途中不能支持原路线返航，而是执行点对点直线返航，在返航途中自动降低飞行高度，撞击到障碍物后就丢失了。
就无人机信号中断后会否自主飞回的问题,就无人机信号中断后会否自主飞回的问题，大疆客服回复记者称，起飞前成功记录到返航点，飞行中GPS、指南针正常，是会回到返航点的。
无人机中断信号前,无人机中断信号前，并没有提示信号较弱，反而在失联后 app 提示信号较弱。这是不是产品的 bug 呢？（据我前几次的飞行经验，信号被遮挡干扰，是有由强变弱过程的，如果提示信号弱，我会马上拉回无人机，不会放任它继续向前飞的。）但此次事故，无人机失联前无任何提醒征兆。在设计弱信号预警的时候有没有留足余量？？
他们的无人机均在飞行时出现信号故障等问题飞丢,近期，记者先后接到浙江陈先生和四川李先生的投诉，他们的无人机均在飞行时出现信号故障等问题飞丢，并质疑大疆产品存在质量问题或设计缺陷。
无人机信号故障和飞丢,无人机信号故障和飞丢，究竟是哪些因素引起？飞行事故中的责任应如何认定？专业从事无人机培训的北京小飞手教育科技有限公司总经理朱妮表示，无人机信号故障和丢失主要是受到干扰或者通讯部件出了问题。无人机一般都会有飞行日志，记录飞行状态，由此基本可以判断是哪种状况，有的能自行判断，有的需要返厂才能调出飞行数据。
遥控器信号受到建筑物遮挡的情况,根据大疆提供的数据分析报告（受理编号CAS-8229311-J2C3W2），陈先生的无人机飞行中出现环境GPS信号弱、遥控器信号受到建筑物遮挡的情况，在距离返航点239米时处于失控返航状态，由于飞行路径上出现建筑物遮挡且返航点与起飞点非同一位置，飞行器将在失控返航过程中与建筑物发生擦碰。
而且在广阔的天空中卫星信号基本不会被遮挡,好在GNSS被干扰并不会导致飞行姿态失控，有些航模爱好者为破解大疆飞控的禁飞圈甚至干脆用“锡纸大法”直接屏蔽掉GPS天线，用姿态模式手动强行起飞。而且在广阔的天空中卫星信号基本不会被遮挡。所以GPS风险主要出在起降阶段。
遥控器也会被干扰吗,昨天在一个大型办公场所的前方50米准备拍下一下大楼来着，结果刚爬到20米就出现“遥控器信号受干扰”的弹窗， 想想炸鸡的后果感到不寒而栗， 打杆下降，关机收桨，装包走人。 想问问大家， 遥控器也会被干扰吗？不是飞机的GPS信号会遭到干扰吗？ 这是什么情况？
遥控手柄受干扰,五一前茶山出行，午后，晴，茶山地形为丘陵缓坡，起飞点接近坡顶，起飞后往坡下湖边飞行，距离起飞点 300米不到，出现图传模糊，触发自动返航，在返航的过程中降低高度后再次图传模糊、遥控手柄受干扰，飞机炸机。马上调出Dji Fly飞机定位，却发现：定位点及影像均非飞机最后落点，而是起飞点。茶山上植被茂密还有森林，没有准确的定位点，根本没法寻找，无奈只能返回。
1.第一次开机遥控器连上飞机约10m后失联无信号,我的air2s 5月3日第一次炸机后，自费683元维修。5月18日第一次试飞了2次，两次飞行高度都是120m，距离45m和16m，飞机正常。今天6月1日，在湖北省武汉市黄陂区姚家山风景区的停车场准备第二次试飞时，飞机又出现故障，具体为：1.第一次开机遥控器连上飞机约10m后失联无信号，飞机没有起飞。2.重启飞机、遥控器和APP，尝试重连飞机，没有信号。3. 尝试对频，不成功。4.最后重启后连上飞机并起飞，升高约39m又失联，随后炸机并砸坏了我的私家车的引擎盖(幸好我安全意识比较高，停车场没有人，没有砸到人)。虽然买了1年多，但是连同试飞，仅仅25次，1.83小时，25.7km，飞机就出现了严重的质量问题，这并不是我的操作失误造成的。我的诉求，请更换一架新飞机，并赔偿我第一次维修费用和私家车引擎盖维修费用。
1.第一次开机遥控器连上飞机约10m后失联无信号,我的air2s 5月3日第一次炸机后，自费683元维修。5月18日第一次试飞了2次，两次飞行高度都是120m，距离45m和16m，飞机正常。今天6月1日，在湖北省武汉市黄陂区姚家山风景区的停车场准备第二次试飞时，飞机又出现故障，具体为：1.第一次开机遥控器连上飞机约10m后失联无信号，飞机没有起飞。2.重启飞机、遥控器和APP，尝试重连飞机，没有信号。3. 尝试对频，不成功。4.最后重启后连上飞机并起飞，升高约39m又失联，随后炸机并砸坏了我的私家车的引擎盖(幸好我安全意识比较高，停车场没有人，没有砸到人)。
当无人机拉升至高度80米时遥控器突然失联,李先生称，2020年11月，他在大疆天猫旗舰店购买大疆无人机（MavicMini畅飞套装+DJICare随心换），2022年3月7日下午在四川大英县太吉大道附近空旷郊外航拍，预设返航高度101米。当无人机拉升至高度80米时遥控器突然失联，未按预先设置的自动返航。后李先生查询发现无人机自动下降后往前飞了200多米，最后的数据止于高度0.5米。按照客服提供的位置和app显示失联位置，李先生寻找未果。
想问一下带屏遥控器屏幕有坏点如何处理,想问一下带屏遥控器屏幕有坏点如何处理，谢谢！
遥控器黑屏,前几天遥控器电充不进去，返场维修了。今日收到快递，为什么还是充不进去？遥控器黑屏，充电没反应。换了不同充电头，还是一样。数据线没换，但在其他电器中能充电。
今天在青岛西海岸飞mini3遥控器突然和飞机断开连接,今天在青岛西海岸飞mini3遥控器突然和飞机断开连接，当时飞了1500多米，电量仅剩16，还好后来飞机自动返航成功。
如若飞机和遥控器断开连接,资深玩家：无GPS信号，会发生“乱飞漂移”情况。记者也为此采访了数位大疆无人机资深玩家，对此事件，有玩家认为，就爆料人所诉过程来说，如若飞机和遥控器断开连接，那确实是很危险的情形。“到此就需要找厂家确认了，一般情况下，飞机和遥控器都是匹配好的，近距离不会发生断开链接的情况。”
为啥起飞前遥控器没有异常显示,在水电发电站旁边几百米飞，起飞前显示一切正常，一起飞飞机直接失控，想找夏清去。为啥起飞前遥控器没有异常显示，飞机乱串后遥控器信号都是满格就是控制不了飞机
后拉高后右下角红色遥控器异常连接,炸机当日M档飞行日记 第一次起飞正常，第一块电池耗光前回起飞地点 第二次起飞，起飞后眼镜中无法看到任何参数信息，忐忑中飞回起飞地点，重启眼镜，恢复参数显示。 第三次起飞，起飞正常，做了一些动作，中途有一次低空飞行自动切成N档（应该是电量30%），重新调回M档后往回飞，20%左右回起点上空准备最后一个大回环收机回家，后拉高后右下角红色遥控器异常连接，此时飞机已朝上，随后高速垂直坠机（过程中肌肉记忆会打杆，调整飞机朝前），但最终还是高速垂直坠机。 看到残骸之后大脑一片空白。
遥控器连接异常（,之前其他人帖子说是遥控器M档螺丝改动问题，本人改动螺丝后，已第三次飞行，前两次都没有任何错误提示和异常。 炸机经验，FPV低于30%电量动力不足（不要做任何动作N档回家），遥控器连接异常（需要官方调查解决），做动作先看左小角高度，感觉没有20M很有可能救不回来。 案件编号：CAS-12228881-Q6W4F9 等待调查最终结果。 希望遥控器异常能够有最终结论。
希望遥控器异常能够有最终结论,之前其他人帖子说是遥控器M档螺丝改动问题，本人改动螺丝后，已第三次飞行，前两次都没有任何错误提示和异常。 炸机经验，FPV低于30%电量动力不足（不要做任何动作N档回家），遥控器连接异常（需要官方调查解决），做动作先看左小角高度，感觉没有20M很有可能救不回来。 案件编号：CAS-12228881-Q6W4F9 等待调查最终结果。 希望遥控器异常能够有最终结论。
昨天在意山上无人机起飞1.2分钟后遥控器提示飞机连不上遥控器,昨天在意山上无人机起飞1.2分钟后遥控器提示飞机连不上遥控器。抬头看飞机直线下坠，拨杆没什么作用。首先想的是不是被干扰器击落了，但又一想这大山深处应该不会。意识到可能电池鼓包弹出导致失电坠机了。循着最后的降落提示找寻飞机。还好刚起飞没飞远，经过近1小时找寻，在降落点附近一圈一圈找，终于找到飞机。因周边杂草丛生，粗看飞机没什么损伤，但已找不到电池了，再加上陡峭山坡上爬上爬下人已累的不行，就放弃了继续找寻电池。回家后放上电池，飞机能正常起飞。
与遥控器断连后就掉落了,本月24日刚激活了air2s新机，27日下午在空旷的农村田野上想试下，就炸机了。当时设置的返航高度是120米，信号是满格的，卫星有23颗。刚飞行6分钟，高度是100米，直线距离280米，就出现飞机与遥控器失去联系，我不敢再打杆，想等待飞机自动返航。只等了三十秒左右，app上就出现了“找飞机”的字样，我知道炸机了，马上根据导航去找飞机，找了两小时，也莫找到。第二天上午，问了当地村民，发现飞机掉在村里的棚屋顶上，请人检回来后，发现机臂、机腹有开裂，云台擦伤。因在保修期内，现已寄回大疆重庆公司维修。令人不解的是，飞机与遥控器失联后，从现场看，从失联的地方到飞机掉落地方，直线距离差不多有50米，也就是说，飞机与遥控器断联后，不是反向飞行50米后再上升返航，而是往前继续飞了50米左右直接掉落。飞机掉落的地方是一个小村庄，周围建筑物不超过15米，也没有高大树木，返航也不至于碰到障碍物导致炸机。从现场看，飞机根本没有进入自动返航程序，与遥控器断连后就掉落了。事后，我查看飞行数据，飞机与遥控器断联时，卫星有21颗，信号都是满的，高度100米，距离是286米，电量还有81%。这次飞机与遥控器失联后，飞机为什么没有触发失控返航，是我操作问题还是产品存在缺陷，期待大疆能给个合理解释，不然都不敢飞了。
后来他发现自己的无人机故障很大可能在于遥控器,郑先生无人机第一次检修报价单，定损结果为机身飞行器核心板损坏导致图传信号类故障。后来他发现自己的无人机故障很大可能在于遥控器，因为朋友的同款遥控器能正常控制自己的无人机，不会出现故障提醒。
无人机的故障是遥控器的问题,郑先生向记者坦言，自己对于整个售后服务过程感到不满。首先，无人机的故障是遥控器的问题，但大疆在第一次检修时明确提到过“遥控器测正常”，需要消费者反馈才在第二次检修时发现遥控器的问题。这体现了大疆售后检修水平不足。
叶片断了两个,2m 的高度，就在跟前，操作失误，撞击树枝，叶片断了两个
说是云台轴臂组件异常,大疆AIR 2S无人机，飞行过程中（直飞、全速）有时会发生看见机臂机脚的情况，具体请看视频，6月3日寄修，案例号：CAS-16875125-J9N9T4，6月9日发回，说是云台轴臂组件异常，进行了更换，收到维修后的无人机分别于6月9日晚上和6月10日早上进行测试，测试后故障依旧。
云台无异常,在2023.12.10，mini2se吊起300g的东西失控撞墙，掉落，自检通过，云台无异常，是否需要返厂
检查云台电机是否异常,这里特别注意的是，无人机云台电机过载与无人机动力不足（无人机电机动力不足或者说无人机电机过载）是两个概念，具有不同的意思，无人机云台电机过载是说云台花费很大力气才能维持云台的工作状态，是无人机机云台的电机堵转了，这与云台相机有关。不会影响无人机安全飞行，主要检查云台部分是否有摔过，检查云台电机是否异常，有没异物卡住，或者云台电机轴有没变形即可。
有没有Air3用户定向延时甩尾云台抖动的,反修两次没给修好，有没有Air3用户定向延时甩尾云台抖动的
调至云台抖动才算正常啊,2022年7月，在京东大疆购买了一台普控御三，收货不到5天，炸机。原因下降至地面0.5米左右，御三居然自己飘了，是因为御三是消费级天花板飘了？还是因为御三的28倍飘了？这就不知道了，导致漂移挂护栏炸机。返回大疆，中间过程那个艰辛啊！当地没有急速换新，让我自行邮寄返厂，到当地派出所开具证明，只能寄主机、电池任何快递都不接。等啊！等啊！第8天到了夏清处。又让我上传数据，对于我这个文盲来说，上传数据堪比登天啊！没日没夜的上传了两天的数据，终于搞定。事后第二天大疆回复我，是我自身原因导致炸机。要我使用随心换，我认了。谁叫咱小时候就有飞天梦呢！迫不及待的交了998元，坐等新机啊！熬呗，熬啊！熬了7天，守着快递下货，拿到等待21天新机。心情那个爽啊！仔细鉴定后，没觉着什么像是新机。可当我第一次起飞触发自动返航时，发现云台又和大疆客服一样，又开始飘了。反复沟通上传数据，大疆的工程师回复我，是正常现象。那么我想问？我所在的御三群里30几台大疆御三，都说没有类似云台自己转动情况，都说我这台御三不正常，再次反馈依然得到机器正常的回答。那我请问？就我的御三云台自己转动正常，他们的三十多台御三云台不自己转动，就不正常了？那是不是群里的三十多台御三，都得返还你厂，调至云台抖动才算正常啊！沟通无果后，我最后的要求是，希望在我回到成都前不要炸机。因为我要再寄回大疆又得一个月的时间。我耽误不了啊！还得派出所再出具证明，很麻烦的。事与愿违啊！一次飞行时，自动返航自己还没注意，见马上撞山了，一看怎么可能啊！从这山顶500米飞过去的，怎么马上就撞山了，一看屏幕高度，居然自己下降了55米。我可什么都没动，是自动返航啊！于是赶紧停止自动返航，拉高度至500，安全通过，到达头顶时，开始慢慢下降。我家小孩高兴的说；我看见飞机了。一直盯着御三看，在距地面15米处，我未曾任何打杆操作，见御三像着魔一样，自己坠落，赶紧快步向前拉开小孩，拉开小孩的同时，御三重重的砸在刚才小孩所处的位置。万幸万幸啊！事后还在害怕。这万一砸到小孩，后果不堪设想啊！再次炸机，联系大疆，又反复第一次寄回的步骤，麻烦至极，到了大疆手里，案例显示会在1—2个答复，我也反复上传飞行数据3次，当我等到第5天时，仍未回复我。我便再次联系大疆，大疆的回复居然是还没收到飞行数据，我气不打一处，要求再次核实，没过一分钟，大疆客服回复，数据已收到，立刻展开数据分析。大疆你们的1—2个工作日，都干什么去了，我数据上传了邮箱，和网盘。又迫不及待的等着回复，你们却置之不理至第5天。你们的工作效率呢？时效呢？不知道继续等待，等来的又会不会是，御三没问题，又是我自己的原因导致自行坠毁炸机。发帖记录吧！等待后续……
飞的时候云台抖动,第一次炸鸡：CAS-5271023-G1P1K0 撞上钢筋，换了几篇桨叶问题不大，飞的时候云台抖动，代价近1600维修费用。 第二次炸鸡：CAS-5315555-T5N3G7 拿到飞机后，飞机莫名上升，未悬停，避障未工作，撞上活动板房房檐； 最近着急工作使用，请版主协调，加快维修进度，大工地没个无人机进度真不好把控。有点急了。第二次维修已经过去好几天了。 非常感谢。
月份时因无人机云台抖动,7月份时因无人机云台抖动，发现云台是拿502粘的，在吧，我就去质问卖家，卖家当时也没理我，就说了我几句，我就没理他。我就自认倒霉。就在抖音上找了一个星空维修部。他说报价要800，我迫于无奈修了。修完后照常使用了一段时间。
只是检测出设备云台有抖动的情况,中国质量新闻网从大疆科技产品使用技术咨询部相关工作人员了解到，刘先生反映的问题涉及：遥控器花屏；摩尔纹太多导致照片视频拍摄不清晰；飞行器异常。但经过大疆科技工程师检测，这三项问题不存在，只是检测出设备云台有抖动的情况，已为消费者进行换货处理。至于什么原因导致设备云台抖动，这位工作人员一直回避问题，反复强调，具体处理方案是大疆科技售后中心工程师给出的。
至于什么原因导致设备云台抖动,中国质量新闻网从大疆科技产品使用技术咨询部相关工作人员了解到，刘先生反映的问题涉及：遥控器花屏；摩尔纹太多导致照片视频拍摄不清晰；飞行器异常。但经过大疆科技工程师检测，这三项问题不存在，只是检测出设备云台有抖动的情况，已为消费者进行换货处理。至于什么原因导致设备云台抖动，这位工作人员一直回避问题，反复强调，具体处理方案是大疆科技售后中心工程师给出的。
对于为什么出现云台抖动的问题,对于为什么出现云台抖动的问题，刘先生称，“云台有问题是他们修坏的，那次无人机撞树上了，他们维修时把云台修坏了。他们实在说不过去了，主动提出的换飞行器，换完还是有问题呀。”
云台跟抽风一样,之前都是在飞行中寻找机位时遇到那种画面突然的左右摆动，没有在录制中遇到，今晚终于是遇到了，云台跟抽风一样，录制的时候出现了，已上传片段，在中间。
周而复始........出现的直接故障是云台俯仰抽风,之前洗包，还没干，无人机就放进去了，一直闷在里面，基本都不飞，清明前后放了一个多月，拿出来云台起雾了，通电测试发热，雾气消失，机器冷了雾气又在镜头上了，周而复始........出现的直接故障是云台俯仰抽风，固定不了。断续通电飞，想用热量来蒸发掉水气，包括在太阳下晒，镜头上的水气彻底不见了，就是俯仰一直稳不住。慢慢的，俯仰不稳的情况越来越轻，从一开始的固定都固定不住，变成能固定住了，只是在调整俯仰的时候上下抽风。这个时间非常漫长，不是用天来衡量！国庆前后好像调整俯仰的时候也稳多了，今天整整飞测完整3个电，想用热量蒸发也许最后残存的水气，第一个电还有点抖动，第二个电好多了，第三个电好像彻底正常了。 汇总 去水气用了一个月，俯仰严重无法固定 
云台突然晃动,飞行同时录像中，除飞行打杆外没有其它操作，云台突然晃动，不知什么原因，请教版主和各位高手，帮助分析原因，共同学习，谢谢！
拍摄时已感觉云台图传有微小晃动,由于在6月24日飞丢了心爱的Mavic 3，通过置换了一台新的（现在严重怀疑是翻新机！！！）7月3日飞行结束后显示过一次IMU组件故障，通过IMU校准和重启显示正常。后来一直未飞行，7月5日飞行拍摄延时摄影，拍摄时已感觉云台图传有微小晃动，以为是风的原因没在意，拍摄完毕悬停空中和朋友说话来着，然后屏控就放在了一边，预计半分钟左右听到自动返航提示，随即查看，发现提示IMU故障，5秒左右又提示飞控组件故障，在返航途中，云台图传明显晃动，但安全返航，返航后通过手机app联系大疆客服询问情况，同时拍照把提示错误发给客服，在降落后显示电调故障需重启无人机，在重启后显示一切正常可以飞行，在客服询问重启后是否正常时，启动了无人机悬停在10-20米左右，同时遥控器放在身边未动，继续和客服沟通中，然后无人机自己直直的往前飞行（未操控），（飞行数据中应该可以看到、且可以看到我是手机app在和客服沟通，并未通过屏控，而且时间点也是能对上的）因是空旷地带.通过摇杆也无法停止向前飞行，随即发生撞树。然后花了2个多小时把无人机从高高的树上弄下来，心疼啊，平时爱惜的不行，现在撞的面目全非的。而且4月底月份入手的air2也是出现过IMU组件故障，也是用了一个月不到，这台Mavic 3又是飞丢置换的，我现在严重怀疑大疆置换的是翻新机，如果不是翻新机，我一个从买第一台无人机至今也就刚满2个月的人有那么倒霉，2台机器都有同样的故障吗？大疆品质是这样的吗？真的很寒心啊！请给我一个合理的解释，一个合理的方案！不然真的不敢再用大疆！
云台图传明显晃动,由于在6月24日飞丢了心爱的Mavic 3，通过置换了一台新的（现在严重怀疑是翻新机！！！）7月3日飞行结束后显示过一次IMU组件故障，通过IMU校准和重启显示正常。后来一直未飞行，7月5日飞行拍摄延时摄影，拍摄时已感觉云台图传有微小晃动，以为是风的原因没在意，拍摄完毕悬停空中和朋友说话来着，然后屏控就放在了一边，预计半分钟左右听到自动返航提示，随即查看，发现提示IMU故障，5秒左右又提示飞控组件故障，在返航途中，云台图传明显晃动，但安全返航，返航后通过手机app联系大疆客服询问情况，同时拍照把提示错误发给客服，在降落后显示电调故障需重启无人机，在重启后显示一切正常可以飞行，在客服询问重启后是否正常时，启动了无人机悬停在10-20米左右，同时遥控器放在身边未动，继续和客服沟通中，然后无人机自己直直的往前飞行（未操控），（飞行数据中应该可以看到、且可以看到我是手机app在和客服沟通，并未通过屏控，而且时间点也是能对上的）因是空旷地带.通过摇杆也无法停止向前飞行，随即发生撞树。然后花了2个多小时把无人机从高高的树上弄下来，心疼啊，平时爱惜的不行，现在撞的面目全非的。而且4月底月份入手的air2也是出现过IMU组件故障，也是用了一个月不到，这台Mavic 3又是飞丢置换的，我现在严重怀疑大疆置换的是翻新机，如果不是翻新机，我一个从买第一台无人机至今也就刚满2个月的人有那么倒霉，2台机器都有同样的故障吗？大疆品质是这样的吗？真的很寒心啊！请给我一个合理的解释，一个合理的方案！不然真的不敢再用大疆！
偶尔手机屏幕会显示imu硬件故障或者云台报错,御3用了4g的增强图传后，近距离rc遥控信号满格时，图传老是卡顿，关掉增强图传后立刻就不会卡顿，有没有遇到过呀😭还有就是飞机关机后，偶尔手机屏幕会显示imu硬件故障或者云台报错，但是起飞和飞行过程中没有出现，不知道什么情况
云台倾斜 ,19年7月 换新御2 飞了两三次云台就有问题 云台倾斜 然后当月 返厂 返厂没有检测出问题 就给简单校准了下云台 到了冬天问题更严重了 抖动 倾斜 卡顿 找客服 客服让校准 自己校准了下 然后冬天没怎么飞 过了冬天 问题不出现 到了第二个冬天又出问题 这时已经过保 最近返厂 然后检测出云台故障 要付费维修 我要求免费 不给免费修在保你检测不出问题 过保就能检测出来了？ 御2 云台 低温 问题 希望大家多注意一下 一般冬天比较容易出现
然后检测出云台故障 ,19年7月 换新御2 飞了两三次云台就有问题 云台倾斜 然后当月 返厂 返厂没有检测出问题 就给简单校准了下云台 到了冬天问题更严重了 抖动 倾斜 卡顿 找客服 客服让校准 自己校准了下 然后冬天没怎么飞 过了冬天 问题不出现 到了第二个冬天又出问题 这时已经过保 最近返厂 然后检测出云台故障 要付费维修 我要求免费 不给免费修在保你检测不出问题 过保就能检测出来了？ 御2 云台 低温 问题 希望大家多注意一下 一般冬天比较容易出现
Pitch轴支架损坏导致云台增稳类故障,经检测，定损结果为：Pitch轴支架损坏导致云台增稳类故障，Yaw电机损坏导致云台增稳类故障，主控板损坏导致操控、飞控类故障，由于您的产品现已超出保修范围，需要您付费处理。 上盖电池仓口轻微破损（功能正常）。
请注意是云台电机线路或者云台机械部分故障,一旦出现，“云台电机过载”提示后。先有两个确认：一是不是无人机出现过磕碰现象？如果磕碰过，请注意是云台电机线路或者云台机械部分故障，这样需彻底检查云台相机，如肉眼观察不到，云台复位等不能取消提示，就必须返厂维修了。第二确认就是，云台保护罩没有取下来的时候，就打开过无人机的电源，在移除保护罩后，还出现了云台电机过载的提示，这时就需要对这个提示进行处理了。
云台轴臂损坏导致云台增稳类故障’,例如，2021年5月20日，一位消费者反映，“本人于2019年11月12日购入大疆Mavic Air 无人机。无人机总飞行次数不超过30次，无任何暴力飞行和磕碰损伤。2021年初无人机间歇性出现【云台电机过载】故障，但降落后再次使用故障消失，飞行正常。直至2021年5月15日，飞行再度出现这个问题，依照客服指令重刷固件均存在故障码。返厂维修检测告知‘云台轴臂损坏导致云台增稳类故障’，需要更换云台轴臂组件。其他用户也反馈过云台电机过载问题（大疆产品社区均有反馈），非个例问题，但大疆以产品过保原因拒绝提供免费更换服务。大疆无人机云台存在产品质量缺陷，要求大疆免费更换云台轴臂组件，并对无人机再次检测是否存在其他设计缺陷，正视产品质量和用户诉求！”
起飞后显示云台过载,起飞后显示云台过载，然后就自动不停的转圈圈(看打杆并无大的方向操作)，因为已经飞出平地无法直接降落，还好飞得不远慢慢控了回来平安降落，原因不明，起飞前飞了一块电池是全程正常的，后续也没再出现过此故障。
云台没过载,好消息是，核心板没进水，云台没过载，除了螺旋桨污渍外，机身上没有地方变形，坏消息，无人机，一个从无人机正面看，右上电机，好像进了草籽，个人尝试把电机拆开，但是电机螺丝太紧了，弄不下来，放弃了，但是无人机电机能正常启动，也能正常飞行，但是启动电机的时候，这个无人机电机会转，开始抽动一下，后来便没有声音了，但是每次启动电机的时候都有这个现象，在线求助
也没有检测出云台过载 ,我的Mavic是10月份换新的机器，拆开包装准备激活就发现右机臂转动的里侧白粉状灰层，当时就联系微信客服，说擦调激活，不影响使用的，我也就信了，擦干净激活了，飞了几天再看又出现白粉状灰层，我再次擦干净，过几天还是有，并且也多次提示云台电机过热，过载，就再联系微信客服，让我寄回检测，检测结果说这个机臂磨檫属于正常的，也没有检测出云台过载 过热的问题，说一切正常，我就想问一下工程师，这个机臂的磨檫如果属于正常的，那么为什么我之前的air2没有出现过，御3也没有出现过这个问题，换新之前的御3pro也没有这个问题的，我的朋友们几台御3和3pro也没有出现过这样的问题，我就想知道这个到底个属于正常的？并且我申请售后还是在换新的15天以内的条件的，
只是支撑云台的一个小部件撞坏了,不到50米的距离一直说受到干扰，我本人在市中心且周围并没有什么遮挡天气也很好，当时撞的时候视线已经拉回来了，但还是撞了且撞的时候只有不到2公里每小时，线下门店说，只是支撑云台的一个小部件撞坏了，定损应该在100到200结果最后寄到总部维修时需要更换整个镜头加云台组件，最后维修费用要925多次要求重新检测还是坚持原结果
云台两侧的缓震橡胶垫有破损断裂,在山顶拍，飞了三次，期间换了两次电池。前两次落地稳稳当当，唯独最后一次。飞机几乎已经挨到地面，不落，平移。然后就撞墙，停桨。 捡起来看，机身没有损伤，云台都正常。再次启动检查功能，起降都没有问题，云台操作横拍竖拍等等。 唯独的问题，云台两侧的缓震橡胶垫有破损断裂。 使用没毛病，但总怕后面有影响。只是换橡胶皮的话用随心飞肯定划不来。况且在保，决定寄给夏清看看怎么个说法，给处理一下。过年回家接着拍
捡回来后发现云台脱落,p3s买了六七年了，前两天炸鸡了，捡回来后发现云台脱落，还有一根线连着，开机后跟遥控器无法建立链接，在官网申请维修，发现不被支持，400电话只是让人等待，我想请问厂家不再对p3s维修了吗？
云台外表无损坏,各位师傅你们好：云台外表无损坏，御2s云台自检向左转会卡住，然后用手转动y轴，又好了，它自己转着转着又卡住，好像有事，又好像没事，这种需要怎么换[流泪]
机器和云台都损坏了,昨天晚上炸机了。机器和云台都损坏了，4G模块也掉了，昨天晚上太黑了没找到，今天早上去找到模块，线没了。直接随心换走了置换模式，400大洋。
然后云台废了,第二回，手持起飞，以往的机型， 只需要轻推油门，即可松手，飞机高度下降，自动加快转速就飞起来了 a2不是，一定要推满油门，才能飞起来， 所以按照以往的习惯，轻推油门起飞，然后松手，飞机啪得一下掉地上了 然后云台废了，
云台有异响,我家小青我蛙飞行炸鸡！开机正常，云台有异响，夏清，这可以吗不影响飞行，有一个云台支架裂开，怎么办！
云台断裂,2017年的air1现在还能返厂嘛？风扇不转，云台断裂，没有画面但是能正常对频连接到dji Go4。后灯亮红灯呜呜呜
不过检查后发现云台外表有擦痕,前几天mini se出去在乡村飞，作死飞低了点，直接变姿态模式撞墙。不过检查后发现云台外表有擦痕，机臂边缘刮蹭了一点，8个桨叶全部报废。跟换桨叶后发现飞行正常，云台也正常，这种情况还要寄售后吗？
有一个云台支架裂开,我家小青我蛙飞行炸鸡！开机正常，云台有异响，夏清，这可以吗不影响飞行，有一个云台支架裂开，怎么办！
云台支架和连接线断了 ,刚买的mini4pro第三天就炸了 想问下修理价格大概是多少哇。云台支架和连接线断了 前臂摇晃 机身开裂 螺旋桨断了两对
维修结论主板损坏,6个月时间，正常飞行3块电池3-4个循环，维修结论主板损坏，这是属于正常使用老化？
AiR2主板故障烧损问题,AiR2主板故障烧损问题，与炸鸡有关联问题？希望有比较客观的技术结论认定…
